x,y,label,complete,remove,image_path,annotator
30.0,93.0,tree,,,IMG_474.jpg," sanacleto@ufl.edu, 24"
84.0,84.0,tree,,,IMG_474.jpg," sanacleto@ufl.edu, 24"
20.0,134.0,tree,,,IMG_474.jpg," sanacleto@ufl.edu, 24"
82.0,181.0,tree,,,IMG_474.jpg," sanacleto@ufl.edu, 24"
26.0,183.0,tree,,,IMG_474.jpg," sanacleto@ufl.edu, 24"
130.0,258.0,tree,,,IMG_474.jpg," sanacleto@ufl.edu, 24"
198.0,139.0,tree,,,IMG_474.jpg," sanacleto@ufl.edu, 24"
268.0,94.0,tree,,,IMG_474.jpg," sanacleto@ufl.edu, 24"
323.0,104.0,tree,,,IMG_474.jpg," sanacleto@ufl.edu, 24"
60.0,272.0,tree,,,IMG_474.jpg," sanacleto@ufl.edu, 24"
100.0,408.0,tree,,,IMG_474.jpg," sanacleto@ufl.edu, 24"
91.0,446.0,tree,,,IMG_474.jpg," sanacleto@ufl.edu, 24"
46.883638520673465,448.6138216330776,tree,,,IMG_474.jpg," sanacleto@ufl.edu, 24"
32.883638520673465,440.11636147932643,tree,,,IMG_474.jpg," sanacleto@ufl.edu, 24"
26.0,376.0,tree,,,IMG_474.jpg," sanacleto@ufl.edu, 24"
19.0,299.0,tree,,,IMG_474.jpg," sanacleto@ufl.edu, 24"
16.0,269.0,tree,,,IMG_474.jpg," sanacleto@ufl.edu, 24"
86.0,502.0,tree,,,IMG_474.jpg," sanacleto@ufl.edu, 24"
59.0,559.0,tree,,,IMG_474.jpg," sanacleto@ufl.edu, 24"
114.0,555.0,tree,,,IMG_474.jpg," sanacleto@ufl.edu, 24"
126.0,593.0,tree,,,IMG_474.jpg," sanacleto@ufl.edu, 24"
77.0,606.0,tree,,,IMG_474.jpg," sanacleto@ufl.edu, 24"
49.0,597.0,tree,,,IMG_474.jpg," sanacleto@ufl.edu, 24"
29.0,593.0,tree,,,IMG_474.jpg," sanacleto@ufl.edu, 24"
102.0,646.0,tree,,,IMG_474.jpg," sanacleto@ufl.edu, 24"
70.0,669.0,tree,,,IMG_474.jpg," sanacleto@ufl.edu, 24"
77.0,738.0,tree,,,IMG_474.jpg," sanacleto@ufl.edu, 24"
149.0,717.0,tree,,,IMG_474.jpg," sanacleto@ufl.edu, 24"
135.0,693.0,tree,,,IMG_474.jpg," sanacleto@ufl.edu, 24"
270.0,551.0,tree,,,IMG_474.jpg," sanacleto@ufl.edu, 24"
237.0,440.0,tree,,,IMG_474.jpg," sanacleto@ufl.edu, 24"
266.0,150.0,tree,,,IMG_474.jpg," sanacleto@ufl.edu, 24"
237.0,509.0,tree,,,IMG_474.jpg," sanacleto@ufl.edu, 24"
4.0,525.0,tree,,,IMG_474.jpg," sanacleto@ufl.edu, 24"
49.0,523.0,tree,,,IMG_474.jpg," sanacleto@ufl.edu, 24"
162.0,655.0,tree,,,IMG_474.jpg," sanacleto@ufl.edu, 24"
133.0,658.0,tree,,,IMG_474.jpg," sanacleto@ufl.edu, 24"
12.0,834.0,tree,,,IMG_474.jpg," sanacleto@ufl.edu, 24"
105.0,788.0,tree,,,IMG_474.jpg," sanacleto@ufl.edu, 24"
249.0,730.0,tree,,,IMG_474.jpg," sanacleto@ufl.edu, 24"
200.0,752.0,tree,,,IMG_474.jpg," sanacleto@ufl.edu, 24"
114.0,944.0,tree,,,IMG_474.jpg," sanacleto@ufl.edu, 24"
43.0,970.0,tree,,,IMG_474.jpg," sanacleto@ufl.edu, 24"
131.0,763.0,tree,,,IMG_474.jpg," sanacleto@ufl.edu, 24"
234.0,802.0,tree,,,IMG_474.jpg," sanacleto@ufl.edu, 24"
186.0,783.0,tree,,,IMG_474.jpg," sanacleto@ufl.edu, 24"
244.0,767.0,tree,,,IMG_474.jpg," sanacleto@ufl.edu, 24"
310.0,837.0,tree,,,IMG_474.jpg," sanacleto@ufl.edu, 24"
191.0,883.0,tree,,,IMG_474.jpg," sanacleto@ufl.edu, 24"
233.0,869.0,tree,,,IMG_474.jpg," sanacleto@ufl.edu, 24"
233.0,844.0,tree,,,IMG_474.jpg," sanacleto@ufl.edu, 24"
337.0,830.0,tree,,,IMG_474.jpg," sanacleto@ufl.edu, 24"
332.0,896.0,tree,,,IMG_474.jpg," sanacleto@ufl.edu, 24"
246.0,916.0,tree,,,IMG_474.jpg," sanacleto@ufl.edu, 24"
373.0,941.0,tree,,,IMG_474.jpg," sanacleto@ufl.edu, 24"
405.0,933.0,tree,,,IMG_474.jpg," sanacleto@ufl.edu, 24"
166.0,991.0,tree,,,IMG_474.jpg," sanacleto@ufl.edu, 24"
209.0,876.0,tree,,,IMG_474.jpg," sanacleto@ufl.edu, 24"
357.0,925.0,tree,,,IMG_474.jpg," sanacleto@ufl.edu, 24"
448.0,975.0,tree,,,IMG_474.jpg," sanacleto@ufl.edu, 24"
472.0,971.0,tree,,,IMG_474.jpg," sanacleto@ufl.edu, 24"
434.0,993.0,tree,,,IMG_474.jpg," sanacleto@ufl.edu, 24"
572.0,885.0,tree,,,IMG_474.jpg," sanacleto@ufl.edu, 24"
519.0,830.0,tree,,,IMG_474.jpg," sanacleto@ufl.edu, 24"
423.0,749.0,tree,,,IMG_474.jpg," sanacleto@ufl.edu, 24"
232.0,938.0,tree,,,IMG_474.jpg," sanacleto@ufl.edu, 24"
300.0,883.0,tree,,,IMG_474.jpg," sanacleto@ufl.edu, 24"
272.0,900.0,tree,,,IMG_474.jpg," sanacleto@ufl.edu, 24"
18.0,973.0,tree,,,IMG_474.jpg," sanacleto@ufl.edu, 24"
878.0,932.0,tree,,,IMG_474.jpg," sanacleto@ufl.edu, 24"
1007.0,814.0,tree,,,IMG_474.jpg," sanacleto@ufl.edu, 24"
976.0,343.0,tree,,,IMG_474.jpg," sanacleto@ufl.edu, 24"
935.0,295.0,tree,,,IMG_474.jpg," sanacleto@ufl.edu, 24"
898.0,246.0,tree,,,IMG_474.jpg," sanacleto@ufl.edu, 24"
893.0,182.0,tree,,,IMG_474.jpg," sanacleto@ufl.edu, 24"
847.0,136.0,tree,,,IMG_474.jpg," sanacleto@ufl.edu, 24"
800.0,120.0,tree,,,IMG_474.jpg," sanacleto@ufl.edu, 24"
749.0,67.0,tree,,,IMG_474.jpg," sanacleto@ufl.edu, 24"
907.0,96.0,tree,,,IMG_474.jpg," sanacleto@ufl.edu, 24"
833.0,174.0,tree,,,IMG_474.jpg," sanacleto@ufl.edu, 24"
1016.0,94.0,tree,,,IMG_474.jpg," sanacleto@ufl.edu, 24"
942.0,455.0,tree,,,IMG_474.jpg," sanacleto@ufl.edu, 24"
721.0,537.0,tree,,,IMG_474.jpg," sanacleto@ufl.edu, 24"
698.0,339.0,tree,,,IMG_474.jpg," sanacleto@ufl.edu, 24"
607.0,254.0,tree,,,IMG_474.jpg," sanacleto@ufl.edu, 24"
665.0,116.0,tree,,,IMG_474.jpg," sanacleto@ufl.edu, 24"
630.0,95.0,tree,,,IMG_474.jpg," sanacleto@ufl.edu, 24"
616.0,60.0,tree,,,IMG_474.jpg," sanacleto@ufl.edu, 24"
575.0,17.0,tree,,,IMG_474.jpg," sanacleto@ufl.edu, 24"
540.0,798.0,tree,,,IMG_474.jpg," sanacleto@ufl.edu, 24"
487.0,753.0,tree,,,IMG_474.jpg," sanacleto@ufl.edu, 24"
444.0,704.0,tree,,,IMG_474.jpg," sanacleto@ufl.edu, 24"
402.0,665.0,tree,,,IMG_474.jpg," sanacleto@ufl.edu, 24"
288.0,361.0,tree,,,IMG_474.jpg," sanacleto@ufl.edu, 24"
282.0,422.0,tree,,,IMG_474.jpg," sanacleto@ufl.edu, 24"
330.0,567.0,tree,,,IMG_474.jpg," sanacleto@ufl.edu, 24"
626.0,853.0,tree,,,IMG_474.jpg," sanacleto@ufl.edu, 24"
669.0,827.0,tree,,,IMG_474.jpg," sanacleto@ufl.edu, 24"
724.0,767.0,tree,,,IMG_474.jpg," sanacleto@ufl.edu, 24"
712.0,634.0,tree,,,IMG_474.jpg," sanacleto@ufl.edu, 24"
686.0,672.0,tree,,,IMG_474.jpg," sanacleto@ufl.edu, 24"
653.0,706.0,tree,,,IMG_474.jpg," sanacleto@ufl.edu, 24"
680.0,623.0,tree,,,IMG_474.jpg," sanacleto@ufl.edu, 24"
465.0,302.0,tree,,,IMG_474.jpg," sanacleto@ufl.edu, 24"
547.0,221.0,tree,,,IMG_474.jpg," sanacleto@ufl.edu, 24"
526.0,454.0,tree,,,IMG_474.jpg," sanacleto@ufl.edu, 24"
493.88363852067346,423.92073244961625,tree,,,IMG_474.jpg," sanacleto@ufl.edu, 24"
593.0,469.0,tree,,,IMG_474.jpg," sanacleto@ufl.edu, 24"
661.0,413.0,tree,,,IMG_474.jpg," sanacleto@ufl.edu, 24"
611.0,587.0,tree,,,IMG_474.jpg," sanacleto@ufl.edu, 24"
469.0,523.0,tree,,,IMG_474.jpg," sanacleto@ufl.edu, 24"
422.0,509.0,tree,,,IMG_474.jpg," sanacleto@ufl.edu, 24"
401.0,507.0,tree,,,IMG_474.jpg," sanacleto@ufl.edu, 24"
428.0,552.0,tree,,,IMG_474.jpg," sanacleto@ufl.edu, 24"
701.0,442.0,tree,,,IMG_474.jpg," sanacleto@ufl.edu, 24"
680.0,431.0,tree,,,IMG_474.jpg," sanacleto@ufl.edu, 24"
709.0,447.0,tree,,,IMG_474.jpg," sanacleto@ufl.edu, 24"
566.5767277041347,575.5447134676898,tree,,,IMG_474.jpg," sanacleto@ufl.edu, 24"
632.0,606.0,tree,,,IMG_474.jpg," sanacleto@ufl.edu, 24"
658.0,594.0,tree,,,IMG_474.jpg," sanacleto@ufl.edu, 24"
569.0,418.0,tree,,,IMG_474.jpg," sanacleto@ufl.edu, 24"
517.0,360.0,tree,,,IMG_474.jpg," sanacleto@ufl.edu, 24"
429.0,391.2698168875958,tree,,,IMG_474.jpg," sanacleto@ufl.edu, 24"
428.0,445.0,tree,,,IMG_474.jpg," sanacleto@ufl.edu, 24"
552.0,352.0,tree,,,IMG_474.jpg," sanacleto@ufl.edu, 24"
487.0,341.0,tree,,,IMG_474.jpg," sanacleto@ufl.edu, 24"
458.0,386.0,tree,,,IMG_474.jpg," sanacleto@ufl.edu, 24"
519.0,305.0,tree,,,IMG_474.jpg," sanacleto@ufl.edu, 24"
496.0,267.0,tree,,,IMG_474.jpg," sanacleto@ufl.edu, 24"
477.0,181.0,tree,,,IMG_474.jpg," sanacleto@ufl.edu, 24"
409.0,130.0,tree,,,IMG_474.jpg," sanacleto@ufl.edu, 24"
549.0,304.0,tree,,,IMG_474.jpg," sanacleto@ufl.edu, 24"
512.0,203.0,tree,,,IMG_474.jpg," sanacleto@ufl.edu, 24"
430.0,188.0,tree,,,IMG_474.jpg," sanacleto@ufl.edu, 24"
459.0,160.0,tree,,,IMG_474.jpg," sanacleto@ufl.edu, 24"
402.0,90.0,tree,,,IMG_474.jpg," sanacleto@ufl.edu, 24"
476.0,130.0,tree,,,IMG_474.jpg," sanacleto@ufl.edu, 24"
505.0,116.0,tree,,,IMG_474.jpg," sanacleto@ufl.edu, 24"
26.0,338.0,tree,,,IMG_474.jpg," sanacleto@ufl.edu, 24"
46.0,327.0,tree,,,IMG_474.jpg," sanacleto@ufl.edu, 24"
18.0,646.0,tree,,,IMG_474.jpg," sanacleto@ufl.edu, 24"
172.0,744.0,tree,,,IMG_474.jpg," sanacleto@ufl.edu, 24"
153.0,755.0,tree,,,IMG_474.jpg," sanacleto@ufl.edu, 24"
347.0,812.0,tree,,,IMG_474.jpg," sanacleto@ufl.edu, 24"
939.0,59.0,tree,,,IMG_474.jpg," sanacleto@ufl.edu, 24"
968.0,73.0,tree,,,IMG_474.jpg," sanacleto@ufl.edu, 24"
302.0,378.0,tree,,,IMG_474.jpg," sanacleto@ufl.edu, 24"
496.0,323.0,tree,,,IMG_474.jpg," sanacleto@ufl.edu, 24"
435.0,476.0,tree,,,IMG_474.jpg," sanacleto@ufl.edu, 24"
518.0,556.0,tree,,,IMG_474.jpg," sanacleto@ufl.edu, 24"
484.0,536.0,tree,,,IMG_474.jpg," sanacleto@ufl.edu, 24"
577.5767277041347,636.5767277041348,tree,,,IMG_474.jpg," sanacleto@ufl.edu, 24"
611.0,539.0,tree,,,IMG_474.jpg," sanacleto@ufl.edu, 24"
606.0,531.0,tree,,,IMG_474.jpg," sanacleto@ufl.edu, 24"
439.0,262.0,tree,,,IMG_474.jpg," sanacleto@ufl.edu, 24"
94.0,930.0,tree,,,IMG_474.jpg," sanacleto@ufl.edu, 24"
5.190549337212241,325.2744251319671,tree,,,IMG_474.jpg," sanacleto@ufl.edu, 24"
17.301831124040802,318.3536926823508,tree,,,IMG_474.jpg," sanacleto@ufl.edu, 24"
12.111281786828563,342.5762562560079,tree,,,IMG_474.jpg," sanacleto@ufl.edu, 24"
8.07418785788571,351.803899522163,tree,,,IMG_474.jpg," sanacleto@ufl.edu, 24"
12.111281786828563,365.6453644213957,tree,,,IMG_474.jpg," sanacleto@ufl.edu, 24"
26.529474390195897,357.57117656350994,tree,,,IMG_474.jpg," sanacleto@ufl.edu, 24"
45.56148862664079,358.1479042676446,tree,,,IMG_474.jpg," sanacleto@ufl.edu, 24"
74.39787383337546,342.5762562560079,tree,,,IMG_474.jpg," sanacleto@ufl.edu, 24"
68.63059679202853,324.1209697236977,tree,,,IMG_474.jpg," sanacleto@ufl.edu, 24"
78.43496776231831,324.1209697236977,tree,,,IMG_474.jpg," sanacleto@ufl.edu, 24"
80.74187857885708,331.6184298774488,tree,,,IMG_474.jpg," sanacleto@ufl.edu, 24"
113.6153577145346,327.0046082443712,tree,,,IMG_474.jpg," sanacleto@ufl.edu, 24"
86.50915562020401,304.5122277831182,tree,,,IMG_474.jpg," sanacleto@ufl.edu, 24"
104.38771444837953,348.3435332973548,tree,,,IMG_474.jpg," sanacleto@ufl.edu, 24"
512.1342012716078,152.83284159569376,tree,,,IMG_474.jpg," sanacleto@ufl.edu, 24"
544.4309527031506,181.09249909829379,tree,,,IMG_474.jpg," sanacleto@ufl.edu, 24"
535.2033094369955,180.51577139415906,tree,,,IMG_474.jpg," sanacleto@ufl.edu, 24"
422.1646794265956,210.50561200916312,tree,,,IMG_474.jpg," sanacleto@ufl.edu, 24"
466.57271264496705,242.80236344070596,tree,,,IMG_474.jpg," sanacleto@ufl.edu, 24"
447.54069840852213,416.9741300893834,tree,,,IMG_474.jpg," sanacleto@ufl.edu, 24"
652.855761080473,307.9725940079263,tree,,,IMG_474.jpg," sanacleto@ufl.edu, 24"
476.1086810720411,482.14436065660374,tree,,,IMG_474.jpg," sanacleto@ufl.edu, 24"
70.9375076085673,422.74140713073035,tree,,,IMG_474.jpg," sanacleto@ufl.edu, 24"
58.24949811760404,863.669698250555,tree,,,IMG_474.jpg," sanacleto@ufl.edu, 24"
123.0,86.0,tree,,,IMG_678.jpg," sanacleto@ufl.edu, 24"
193.0,149.0,tree,,,IMG_678.jpg," sanacleto@ufl.edu, 24"
260.0,219.0,tree,,,IMG_678.jpg," sanacleto@ufl.edu, 24"
295.0,249.0,tree,,,IMG_678.jpg," sanacleto@ufl.edu, 24"
306.0,286.0,tree,,,IMG_678.jpg," sanacleto@ufl.edu, 24"
361.0,356.0,tree,,,IMG_678.jpg," sanacleto@ufl.edu, 24"
298.0,364.0,tree,,,IMG_678.jpg," sanacleto@ufl.edu, 24"
260.0,399.0,tree,,,IMG_678.jpg," sanacleto@ufl.edu, 24"
228.0,412.0,tree,,,IMG_678.jpg," sanacleto@ufl.edu, 24"
65.0,370.0,tree,,,IMG_678.jpg," sanacleto@ufl.edu, 24"
416.0,362.0,tree,,,IMG_678.jpg," sanacleto@ufl.edu, 24"
364.0,261.0,tree,,,IMG_678.jpg," sanacleto@ufl.edu, 24"
285.0,197.0,tree,,,IMG_678.jpg," sanacleto@ufl.edu, 24"
169.0,503.0,tree,,,IMG_678.jpg," sanacleto@ufl.edu, 24"
118.0,555.0,tree,,,IMG_678.jpg," sanacleto@ufl.edu, 24"
137.0,592.0,tree,,,IMG_678.jpg," sanacleto@ufl.edu, 24"
196.0,529.0,tree,,,IMG_678.jpg," sanacleto@ufl.edu, 24"
284.0,433.0,tree,,,IMG_678.jpg," sanacleto@ufl.edu, 24"
323.0,396.0,tree,,,IMG_678.jpg," sanacleto@ufl.edu, 24"
235.0,353.0,tree,,,IMG_678.jpg," sanacleto@ufl.edu, 24"
224.2429791284972,365.0,tree,,,IMG_678.jpg," sanacleto@ufl.edu, 24"
471.0,418.0,tree,,,IMG_678.jpg," sanacleto@ufl.edu, 24"
501.0,395.0,tree,,,IMG_678.jpg," sanacleto@ufl.edu, 24"
504.0,474.0,tree,,,IMG_678.jpg," sanacleto@ufl.edu, 24"
685.0,680.0,tree,,,IMG_678.jpg," sanacleto@ufl.edu, 24"
693.0,625.0,tree,,,IMG_678.jpg," sanacleto@ufl.edu, 24"
702.0,579.0,tree,,,IMG_678.jpg," sanacleto@ufl.edu, 24"
637.0,522.0,tree,,,IMG_678.jpg," sanacleto@ufl.edu, 24"
487.0,671.0,tree,,,IMG_678.jpg," sanacleto@ufl.edu, 24"
244.0,820.0,tree,,,IMG_678.jpg," sanacleto@ufl.edu, 24"
350.0,776.0,tree,,,IMG_678.jpg," sanacleto@ufl.edu, 24"
637.0,741.0,tree,,,IMG_678.jpg," sanacleto@ufl.edu, 24"
477.0,900.0,tree,,,IMG_678.jpg," sanacleto@ufl.edu, 24"
439.0,940.0,tree,,,IMG_678.jpg," sanacleto@ufl.edu, 24"
406.0,980.0,tree,,,IMG_678.jpg," sanacleto@ufl.edu, 24"
242.0,711.0,tree,,,IMG_678.jpg," sanacleto@ufl.edu, 24"
311.0,468.0,tree,,,IMG_678.jpg," sanacleto@ufl.edu, 24"
6.0,730.0,tree,,,IMG_678.jpg," sanacleto@ufl.edu, 24"
214.0,933.0,tree,,,IMG_678.jpg," sanacleto@ufl.edu, 24"
201.0,949.0,tree,,,IMG_678.jpg," sanacleto@ufl.edu, 24"
78.0,1009.0,tree,,,IMG_678.jpg," sanacleto@ufl.edu, 24"
423.0,1013.0,tree,,,IMG_678.jpg," sanacleto@ufl.edu, 24"
446.0,988.0,tree,,,IMG_678.jpg," sanacleto@ufl.edu, 24"
489.0,941.0,tree,,,IMG_678.jpg," sanacleto@ufl.edu, 24"
528.0,905.0,tree,,,IMG_678.jpg," sanacleto@ufl.edu, 24"
563.0,869.0,tree,,,IMG_678.jpg," sanacleto@ufl.edu, 24"
798.0,719.0,tree,,,IMG_678.jpg," sanacleto@ufl.edu, 24"
725.0,708.0,tree,,,IMG_678.jpg," sanacleto@ufl.edu, 24"
656.0,772.0,tree,,,IMG_678.jpg," sanacleto@ufl.edu, 24"
861.0,786.0,tree,,,IMG_678.jpg," sanacleto@ufl.edu, 24"
785.0,824.0,tree,,,IMG_678.jpg," sanacleto@ufl.edu, 24"
759.0,916.0,tree,,,IMG_678.jpg," sanacleto@ufl.edu, 24"
866.0,738.0,tree,,,IMG_678.jpg," sanacleto@ufl.edu, 24"
939.0,1013.0,tree,,,IMG_678.jpg," sanacleto@ufl.edu, 24"
899.0,388.0,tree,,,IMG_678.jpg," sanacleto@ufl.edu, 24"
843.0,333.0,tree,,,IMG_678.jpg," sanacleto@ufl.edu, 24"
1013.0,494.0,tree,,,IMG_678.jpg," sanacleto@ufl.edu, 24"
722.0,438.0,tree,,,IMG_678.jpg," sanacleto@ufl.edu, 24"
795.0,483.0,tree,,,IMG_678.jpg," sanacleto@ufl.edu, 24"
492.0,195.0,tree,,,IMG_678.jpg," sanacleto@ufl.edu, 24"
548.0,182.0,tree,,,IMG_678.jpg," sanacleto@ufl.edu, 24"
755.0,403.0,tree,,,IMG_678.jpg," sanacleto@ufl.edu, 24"
851.0,415.0,tree,,,IMG_678.jpg," sanacleto@ufl.edu, 24"
895.0,473.0,tree,,,IMG_678.jpg," sanacleto@ufl.edu, 24"
874.0,593.0,tree,,,IMG_678.jpg," sanacleto@ufl.edu, 24"
970.0,442.0,tree,,,IMG_678.jpg," sanacleto@ufl.edu, 24"
930.0,407.0,tree,,,IMG_678.jpg," sanacleto@ufl.edu, 24"
931.0,499.0,tree,,,IMG_678.jpg," sanacleto@ufl.edu, 24"
811.0,423.0,tree,,,IMG_678.jpg," sanacleto@ufl.edu, 24"
843.0,371.0,tree,,,IMG_678.jpg," sanacleto@ufl.edu, 24"
736.0,241.0,tree,,,IMG_678.jpg," sanacleto@ufl.edu, 24"
807.0,291.0,tree,,,IMG_678.jpg," sanacleto@ufl.edu, 24"
782.0,256.0,tree,,,IMG_678.jpg," sanacleto@ufl.edu, 24"
687.0,216.0,tree,,,IMG_678.jpg," sanacleto@ufl.edu, 24"
568.0,91.0,tree,,,IMG_678.jpg," sanacleto@ufl.edu, 24"
508.0,132.0,tree,,,IMG_678.jpg," sanacleto@ufl.edu, 24"
429.0,324.0,tree,,,IMG_678.jpg," sanacleto@ufl.edu, 24"
673.0,185.0,tree,,,IMG_678.jpg," sanacleto@ufl.edu, 24"
606.0,119.0,tree,,,IMG_678.jpg," sanacleto@ufl.edu, 24"
666.0,125.0,tree,,,IMG_678.jpg," sanacleto@ufl.edu, 24"
648.0,88.0,tree,,,IMG_678.jpg," sanacleto@ufl.edu, 24"
669.0,257.0,tree,,,IMG_678.jpg," sanacleto@ufl.edu, 24"
610.0,150.0,tree,,,IMG_678.jpg," sanacleto@ufl.edu, 24"
589.0,72.0,tree,,,IMG_678.jpg," sanacleto@ufl.edu, 24"
612.0,74.0,tree,,,IMG_678.jpg," sanacleto@ufl.edu, 24"
518.0,187.0,tree,,,IMG_678.jpg," sanacleto@ufl.edu, 24"
109.0,342.0,tree,,,IMG_678.jpg," sanacleto@ufl.edu, 24"
289.0,297.0,tree,,,IMG_678.jpg," sanacleto@ufl.edu, 24"
158.0,628.0,tree,,,IMG_678.jpg," sanacleto@ufl.edu, 24"
220.0,698.906537864908,tree,,,IMG_678.jpg," sanacleto@ufl.edu, 24"
327.0,592.0,tree,,,IMG_678.jpg," sanacleto@ufl.edu, 24"
532.0,624.0,tree,,,IMG_678.jpg," sanacleto@ufl.edu, 24"
526.0,680.0,tree,,,IMG_678.jpg," sanacleto@ufl.edu, 24"
209.0,686.0,tree,,,IMG_678.jpg," sanacleto@ufl.edu, 24"
232.0,988.0,tree,,,IMG_678.jpg," sanacleto@ufl.edu, 24"
181.0,991.0,tree,,,IMG_678.jpg," sanacleto@ufl.edu, 24"
45.0,917.0,tree,,,IMG_678.jpg," sanacleto@ufl.edu, 24"
32.476634466227026,907.0467310675459,tree,,,IMG_678.jpg," sanacleto@ufl.edu, 24"
123.47663446622703,797.2897101960432,tree,,,IMG_678.jpg," sanacleto@ufl.edu, 24"
114.85980679736213,784.4299033986811,tree,,,IMG_678.jpg," sanacleto@ufl.edu, 24"
354.0,467.0,tree,,,IMG_678.jpg," sanacleto@ufl.edu, 24"
733.0,1018.0,tree,,,IMG_678.jpg," sanacleto@ufl.edu, 24"
590.0,1013.0,tree,,,IMG_678.jpg," sanacleto@ufl.edu, 24"
856.0,576.0,tree,,,IMG_678.jpg," sanacleto@ufl.edu, 24"
866.0,555.0,tree,,,IMG_678.jpg," sanacleto@ufl.edu, 24"
813.0,453.0,tree,,,IMG_678.jpg," sanacleto@ufl.edu, 24"
909.0,597.0,tree,,,IMG_678.jpg," sanacleto@ufl.edu, 24"
451.0,133.0,tree,,,IMG_678.jpg," sanacleto@ufl.edu, 24"
439.429903398681,142.09346213509193,tree,,,IMG_678.jpg," sanacleto@ufl.edu, 24"
353.0,234.0,tree,,,IMG_678.jpg," sanacleto@ufl.edu, 24"
709.0,380.0,tree,,,IMG_678.jpg," sanacleto@ufl.edu, 24"
534.0,101.0,tree,,,IMG_678.jpg," sanacleto@ufl.edu, 24"
483.0,28.0,tree,,,IMG_678.jpg," sanacleto@ufl.edu, 24"
509.0,47.0,tree,,,IMG_678.jpg," sanacleto@ufl.edu, 24"
520.0,61.0,tree,,,IMG_678.jpg," sanacleto@ufl.edu, 24"
537.0,77.0,tree,,,IMG_678.jpg," sanacleto@ufl.edu, 24"
595.0,45.0,tree,,,IMG_678.jpg," sanacleto@ufl.edu, 24"
442.0,47.0,tree,,,IMG_678.jpg," sanacleto@ufl.edu, 24"
463.0,66.0,tree,,,IMG_678.jpg," sanacleto@ufl.edu, 24"
489.0,91.0,tree,,,IMG_678.jpg," sanacleto@ufl.edu, 24"
867.0,439.0,tree,,,IMG_678.jpg," sanacleto@ufl.edu, 24"
578.0,10.0,tree,,,IMG_678.jpg," sanacleto@ufl.edu, 24"
166.34542871322975,324.58807150060017,tree,,,IMG_678.jpg," sanacleto@ufl.edu, 24"
420.39159921223103,139.65389860451668,tree,,,IMG_678.jpg," sanacleto@ufl.edu, 24"
358.90575306894556,68.15872867046376,tree,,,IMG_678.jpg," sanacleto@ufl.edu, 24"
308.85913411510853,119.15861655675482,tree,,,IMG_678.jpg," sanacleto@ufl.edu, 24"
551.6552439690238,578.6342419996015,tree,,,IMG_678.jpg," sanacleto@ufl.edu, 24"
568.3374502869694,553.3726152895695,tree,,,IMG_678.jpg," sanacleto@ufl.edu, 24"
445.36575800039844,592.456641520185,tree,,,IMG_678.jpg," sanacleto@ufl.edu, 24"
226.59053800219655,385.1206487114316,tree,,,IMG_678.jpg," sanacleto@ufl.edu, 24"
20.01864758153481,897.9793343717043,tree,,,IMG_678.jpg," sanacleto@ufl.edu, 24"
257.8592462288174,640.596722609114,tree,,,IMG_678.jpg," sanacleto@ufl.edu, 24"
281.69096954016845,670.6246939814162,tree,,,IMG_678.jpg," sanacleto@ufl.edu, 24"
267.86857001958487,651.5593153323354,tree,,,IMG_678.jpg," sanacleto@ufl.edu, 24"
896.2619630511588,727.8208299286584,tree,,,IMG_678.jpg," sanacleto@ufl.edu, 24"
926.766568889688,529.0642575119914,tree,,,IMG_678.jpg," sanacleto@ufl.edu, 24"
952.504830065947,514.2885890589538,tree,,,IMG_678.jpg," sanacleto@ufl.edu, 24"
501.6086250151867,963.7548907110331,tree,,,IMG_678.jpg," sanacleto@ufl.edu, 24"
205.14198702198073,674.4377697112324,tree,,,IMG_678.jpg," sanacleto@ufl.edu, 24"
217.05784867765615,672.5312318463243,tree,,,IMG_678.jpg," sanacleto@ufl.edu, 24"
148.0,68.0,tree,,,IMG_376.jpg," sanacleto@ufl.edu, 24"
83.0,87.0,tree,,,IMG_376.jpg," sanacleto@ufl.edu, 24"
19.0,111.0,tree,,,IMG_376.jpg," sanacleto@ufl.edu, 24"
113.0,17.0,tree,,,IMG_376.jpg," sanacleto@ufl.edu, 24"
76.0,16.0,tree,,,IMG_376.jpg," sanacleto@ufl.edu, 24"
288.0,18.0,tree,,,IMG_376.jpg," sanacleto@ufl.edu, 24"
493.0,16.0,tree,,,IMG_376.jpg," sanacleto@ufl.edu, 24"
20.0,487.0,tree,,,IMG_376.jpg," sanacleto@ufl.edu, 24"
36.0,561.0,tree,,,IMG_376.jpg," sanacleto@ufl.edu, 24"
45.0,607.0,tree,,,IMG_376.jpg," sanacleto@ufl.edu, 24"
63.0,670.0,tree,,,IMG_376.jpg," sanacleto@ufl.edu, 24"
29.0,522.0,tree,,,IMG_376.jpg," sanacleto@ufl.edu, 24"
11.0,336.0,tree,,,IMG_376.jpg," sanacleto@ufl.edu, 24"
88.0,881.0,tree,,,IMG_376.jpg," sanacleto@ufl.edu, 24"
109.0,999.0,tree,,,IMG_376.jpg," sanacleto@ufl.edu, 24"
85.0,811.0,tree,,,IMG_376.jpg," sanacleto@ufl.edu, 24"
49.0,716.0,tree,,,IMG_376.jpg," sanacleto@ufl.edu, 24"
16.0,986.0,tree,,,IMG_376.jpg," sanacleto@ufl.edu, 24"
5.0,841.0,tree,,,IMG_376.jpg," sanacleto@ufl.edu, 24"
1008.0,158.0,tree,,,IMG_376.jpg," sanacleto@ufl.edu, 24"
899.0,230.0,tree,,,IMG_376.jpg," sanacleto@ufl.edu, 24"
751.0,118.0,tree,,,IMG_376.jpg," sanacleto@ufl.edu, 24"
945.0,128.0,tree,,,IMG_376.jpg," sanacleto@ufl.edu, 24"
915.0,97.0,tree,,,IMG_376.jpg," sanacleto@ufl.edu, 24"
865.0,47.0,tree,,,IMG_376.jpg," sanacleto@ufl.edu, 24"
797.0,14.0,tree,,,IMG_376.jpg," sanacleto@ufl.edu, 24"
720.0,10.0,tree,,,IMG_376.jpg," sanacleto@ufl.edu, 24"
935.0,168.0,tree,,,IMG_376.jpg," sanacleto@ufl.edu, 24"
935.0,71.0,tree,,,IMG_376.jpg," sanacleto@ufl.edu, 24"
349.0,1002.0,tree,,,IMG_376.jpg," sanacleto@ufl.edu, 24"
368.0,1020.0,tree,,,IMG_376.jpg," sanacleto@ufl.edu, 24"
477.0,705.0,tree,,,IMG_376.jpg," sanacleto@ufl.edu, 24"
423.0,755.0,tree,,,IMG_376.jpg," sanacleto@ufl.edu, 24"
433.0,711.0,tree,,,IMG_376.jpg," sanacleto@ufl.edu, 24"
442.0,658.0,tree,,,IMG_376.jpg," sanacleto@ufl.edu, 24"
453.0,625.0,tree,,,IMG_376.jpg," sanacleto@ufl.edu, 24"
423.0,602.0,tree,,,IMG_376.jpg," sanacleto@ufl.edu, 24"
487.0,653.0,tree,,,IMG_376.jpg," sanacleto@ufl.edu, 24"
516.0,687.0,tree,,,IMG_376.jpg," sanacleto@ufl.edu, 24"
446.0,514.0,tree,,,IMG_376.jpg," sanacleto@ufl.edu, 24"
455.0,480.0,tree,,,IMG_376.jpg," sanacleto@ufl.edu, 24"
464.0,444.0,tree,,,IMG_376.jpg," sanacleto@ufl.edu, 24"
442.0,416.0,tree,,,IMG_376.jpg," sanacleto@ufl.edu, 24"
475.0,390.0,tree,,,IMG_376.jpg," sanacleto@ufl.edu, 24"
499.0,427.0,tree,,,IMG_376.jpg," sanacleto@ufl.edu, 24"
489.0,467.0,tree,,,IMG_376.jpg," sanacleto@ufl.edu, 24"
487.0,340.0,tree,,,IMG_376.jpg," sanacleto@ufl.edu, 24"
489.0,305.0,tree,,,IMG_376.jpg," sanacleto@ufl.edu, 24"
525.0,297.0,tree,,,IMG_376.jpg," sanacleto@ufl.edu, 24"
522.0,328.0,tree,,,IMG_376.jpg," sanacleto@ufl.edu, 24"
501.0,264.0,tree,,,IMG_376.jpg," sanacleto@ufl.edu, 24"
529.0,252.0,tree,,,IMG_376.jpg," sanacleto@ufl.edu, 24"
509.0,230.0,tree,,,IMG_376.jpg," sanacleto@ufl.edu, 24"
539.0,224.0,tree,,,IMG_376.jpg," sanacleto@ufl.edu, 24"
514.0,188.0,tree,,,IMG_376.jpg," sanacleto@ufl.edu, 24"
542.0,176.0,tree,,,IMG_376.jpg," sanacleto@ufl.edu, 24"
528.0,136.0,tree,,,IMG_376.jpg," sanacleto@ufl.edu, 24"
570.0,167.0,tree,,,IMG_376.jpg," sanacleto@ufl.edu, 24"
575.9991218061914,99.36616902350848,tree,,,IMG_376.jpg," sanacleto@ufl.edu, 24"
539.0,51.0,tree,,,IMG_376.jpg," sanacleto@ufl.edu, 24"
552.0,23.0,tree,,,IMG_376.jpg," sanacleto@ufl.edu, 24"
579.0,40.0,tree,,,IMG_376.jpg," sanacleto@ufl.edu, 24"
586.0,4.0,tree,,,IMG_376.jpg," sanacleto@ufl.edu, 24"
18.0,1011.0,tree,,,IMG_376.jpg," sanacleto@ufl.edu, 24"
1018.0,361.0,tree,,,IMG_376.jpg," sanacleto@ufl.edu, 24"
507.0682561737872,364.8420186937729,tree,,,IMG_376.jpg," sanacleto@ufl.edu, 24"
6.066256842889336,756.5488891203415,tree,,,IMG_376.jpg," sanacleto@ufl.edu, 24"
33.79771669609773,1008.4010538325701,tree,,,IMG_376.jpg," sanacleto@ufl.edu, 24"
54.0,36.0,tree,,,IMG_626.jpg," sanacleto@ufl.edu, 24"
21.0,88.0,tree,,,IMG_626.jpg," sanacleto@ufl.edu, 24"
130.0,43.0,tree,,,IMG_626.jpg," sanacleto@ufl.edu, 24"
234.0,115.0,tree,,,IMG_626.jpg," sanacleto@ufl.edu, 24"
238.0,34.0,tree,,,IMG_626.jpg," sanacleto@ufl.edu, 24"
385.0,142.0,tree,,,IMG_626.jpg," sanacleto@ufl.edu, 24"
437.0,192.0,tree,,,IMG_626.jpg," sanacleto@ufl.edu, 24"
406.0,183.0,tree,,,IMG_626.jpg," sanacleto@ufl.edu, 24"
471.0,212.0,tree,,,IMG_626.jpg," sanacleto@ufl.edu, 24"
567.0,242.0,tree,,,IMG_626.jpg," sanacleto@ufl.edu, 24"
604.0,264.0,tree,,,IMG_626.jpg," sanacleto@ufl.edu, 24"
538.0,402.0,tree,,,IMG_626.jpg," sanacleto@ufl.edu, 24"
593.0,431.0,tree,,,IMG_626.jpg," sanacleto@ufl.edu, 24"
238.0,260.0,tree,,,IMG_626.jpg," sanacleto@ufl.edu, 24"
130.0,209.0,tree,,,IMG_626.jpg," sanacleto@ufl.edu, 24"
219.0,288.0,tree,,,IMG_626.jpg," sanacleto@ufl.edu, 24"
377.0,363.0,tree,,,IMG_626.jpg," sanacleto@ufl.edu, 24"
480.0,410.0,tree,,,IMG_626.jpg," sanacleto@ufl.edu, 24"
538.0,444.0,tree,,,IMG_626.jpg," sanacleto@ufl.edu, 24"
725.0,211.0,tree,,,IMG_626.jpg," sanacleto@ufl.edu, 24"
712.0,268.0,tree,,,IMG_626.jpg," sanacleto@ufl.edu, 24"
738.0,101.0,tree,,,IMG_626.jpg," sanacleto@ufl.edu, 24"
580.0,35.0,tree,,,IMG_626.jpg," sanacleto@ufl.edu, 24"
942.0,121.0,tree,,,IMG_626.jpg," sanacleto@ufl.edu, 24"
179.523365533773,114.0,tree,,,IMG_626.jpg," sanacleto@ufl.edu, 24"
207.0,128.0,tree,,,IMG_626.jpg," sanacleto@ufl.edu, 24"
270.0,74.0,tree,,,IMG_626.jpg," sanacleto@ufl.edu, 24"
292.0,68.0,tree,,,IMG_626.jpg," sanacleto@ufl.edu, 24"
285.0,92.0,tree,,,IMG_626.jpg," sanacleto@ufl.edu, 24"
256.0,162.0,tree,,,IMG_626.jpg," sanacleto@ufl.edu, 24"
643.0,280.0,tree,,,IMG_626.jpg," sanacleto@ufl.edu, 24"
666.0,284.0,tree,,,IMG_626.jpg," sanacleto@ufl.edu, 24"
767.0,165.0,tree,,,IMG_626.jpg," sanacleto@ufl.edu, 24"
667.0,404.0,tree,,,IMG_626.jpg," sanacleto@ufl.edu, 24"
368.0,321.0,tree,,,IMG_626.jpg," sanacleto@ufl.edu, 24"
288.0,286.0,tree,,,IMG_626.jpg," sanacleto@ufl.edu, 24"
617.0,481.0,tree,,,IMG_626.jpg," sanacleto@ufl.edu, 24"
614.0,536.0,tree,,,IMG_626.jpg," sanacleto@ufl.edu, 24"
631.0,547.0,tree,,,IMG_626.jpg," sanacleto@ufl.edu, 24"
617.0,599.0,tree,,,IMG_626.jpg," sanacleto@ufl.edu, 24"
596.0,600.0,tree,,,IMG_626.jpg," sanacleto@ufl.edu, 24"
595.0,713.0,tree,,,IMG_626.jpg," sanacleto@ufl.edu, 24"
477.0,716.0,tree,,,IMG_626.jpg," sanacleto@ufl.edu, 24"
414.47663446622704,694.859806797362,tree,,,IMG_626.jpg," sanacleto@ufl.edu, 24"
277.0,631.0,tree,,,IMG_626.jpg," sanacleto@ufl.edu, 24"
95.0,539.0,tree,,,IMG_626.jpg," sanacleto@ufl.edu, 24"
73.0,566.0,tree,,,IMG_626.jpg," sanacleto@ufl.edu, 24"
264.0,457.0,tree,,,IMG_626.jpg," sanacleto@ufl.edu, 24"
224.0,455.0,tree,,,IMG_626.jpg," sanacleto@ufl.edu, 24"
212.0,421.0,tree,,,IMG_626.jpg," sanacleto@ufl.edu, 24"
242.0,436.0,tree,,,IMG_626.jpg," sanacleto@ufl.edu, 24"
363.0,475.0,tree,,,IMG_626.jpg," sanacleto@ufl.edu, 24"
365.0,502.0,tree,,,IMG_626.jpg," sanacleto@ufl.edu, 24"
396.0,523.0,tree,,,IMG_626.jpg," sanacleto@ufl.edu, 24"
480.0,678.0,tree,,,IMG_626.jpg," sanacleto@ufl.edu, 24"
461.0,671.0,tree,,,IMG_626.jpg," sanacleto@ufl.edu, 24"
534.0,521.0,tree,,,IMG_626.jpg," sanacleto@ufl.edu, 24"
154.0,605.0,tree,,,IMG_626.jpg," sanacleto@ufl.edu, 24"
560.0,848.0,tree,,,IMG_626.jpg," sanacleto@ufl.edu, 24"
545.0,908.0,tree,,,IMG_626.jpg," sanacleto@ufl.edu, 24"
530.0,963.0,tree,,,IMG_626.jpg," sanacleto@ufl.edu, 24"
439.0,855.0,tree,,,IMG_626.jpg," sanacleto@ufl.edu, 24"
390.0,905.0,tree,,,IMG_626.jpg," sanacleto@ufl.edu, 24"
312.0,887.0,tree,,,IMG_626.jpg," sanacleto@ufl.edu, 24"
249.0,972.0,tree,,,IMG_626.jpg," sanacleto@ufl.edu, 24"
196.0,944.0,tree,,,IMG_626.jpg," sanacleto@ufl.edu, 24"
110.0,911.0,tree,,,IMG_626.jpg," sanacleto@ufl.edu, 24"
53.0,723.0,tree,,,IMG_626.jpg," sanacleto@ufl.edu, 24"
83.0,739.0,tree,,,IMG_626.jpg," sanacleto@ufl.edu, 24"
126.0,728.0,tree,,,IMG_626.jpg," sanacleto@ufl.edu, 24"
122.0,752.0,tree,,,IMG_626.jpg," sanacleto@ufl.edu, 24"
229.0,820.0,tree,,,IMG_626.jpg," sanacleto@ufl.edu, 24"
284.0,768.0,tree,,,IMG_626.jpg," sanacleto@ufl.edu, 24"
177.0,776.0,tree,,,IMG_626.jpg," sanacleto@ufl.edu, 24"
268.0,813.0,tree,,,IMG_626.jpg," sanacleto@ufl.edu, 24"
282.0,805.0,tree,,,IMG_626.jpg," sanacleto@ufl.edu, 24"
312.0,836.0,tree,,,IMG_626.jpg," sanacleto@ufl.edu, 24"
425.0,806.0,tree,,,IMG_626.jpg," sanacleto@ufl.edu, 24"
381.0,860.0,tree,,,IMG_626.jpg," sanacleto@ufl.edu, 24"
408.38317233113514,849.6168276688649,tree,,,IMG_626.jpg," sanacleto@ufl.edu, 24"
397.0,889.0,tree,,,IMG_626.jpg," sanacleto@ufl.edu, 24"
195.0,989.0,tree,,,IMG_626.jpg," sanacleto@ufl.edu, 24"
155.0,989.0,tree,,,IMG_626.jpg," sanacleto@ufl.edu, 24"
248.0,1011.0,tree,,,IMG_626.jpg," sanacleto@ufl.edu, 24"
35.0,920.0,tree,,,IMG_626.jpg," sanacleto@ufl.edu, 24"
79.0,952.0,tree,,,IMG_626.jpg," sanacleto@ufl.edu, 24"
750.0,768.0,tree,,,IMG_626.jpg," sanacleto@ufl.edu, 24"
554.0,994.0,tree,,,IMG_626.jpg," sanacleto@ufl.edu, 24"
722.0,810.0,tree,,,IMG_626.jpg," sanacleto@ufl.edu, 24"
719.0,915.0,tree,,,IMG_626.jpg," sanacleto@ufl.edu, 24"
696.0,1018.0,tree,,,IMG_626.jpg," sanacleto@ufl.edu, 24"
713.0,899.0,tree,,,IMG_626.jpg," sanacleto@ufl.edu, 24"
767.0,646.0,tree,,,IMG_626.jpg," sanacleto@ufl.edu, 24"
770.0,610.0,tree,,,IMG_626.jpg," sanacleto@ufl.edu, 24"
783.0,617.0,tree,,,IMG_626.jpg," sanacleto@ufl.edu, 24"
830.0,719.0,tree,,,IMG_626.jpg," sanacleto@ufl.edu, 24"
852.0,727.0,tree,,,IMG_626.jpg," sanacleto@ufl.edu, 24"
909.0,744.0,tree,,,IMG_626.jpg," sanacleto@ufl.edu, 24"
922.0,768.0,tree,,,IMG_626.jpg," sanacleto@ufl.edu, 24"
935.0,754.0,tree,,,IMG_626.jpg," sanacleto@ufl.edu, 24"
857.0,465.0,tree,,,IMG_626.jpg," sanacleto@ufl.edu, 24"
824.0,492.0,tree,,,IMG_626.jpg," sanacleto@ufl.edu, 24"
793.0,485.0,tree,,,IMG_626.jpg," sanacleto@ufl.edu, 24"
770.0,267.0,tree,,,IMG_626.jpg," sanacleto@ufl.edu, 24"
695.0,458.0,tree,,,IMG_626.jpg," sanacleto@ufl.edu, 24"
694.0,558.0,tree,,,IMG_626.jpg," sanacleto@ufl.edu, 24"
962.0,349.0,tree,,,IMG_626.jpg," sanacleto@ufl.edu, 24"
925.0,326.0,tree,,,IMG_626.jpg," sanacleto@ufl.edu, 24"
895.0,357.0,tree,,,IMG_626.jpg," sanacleto@ufl.edu, 24"
878.0,331.0,tree,,,IMG_626.jpg," sanacleto@ufl.edu, 24"
913.0,360.0,tree,,,IMG_626.jpg," sanacleto@ufl.edu, 24"
886.0,372.0,tree,,,IMG_626.jpg," sanacleto@ufl.edu, 24"
937.0,363.0,tree,,,IMG_626.jpg," sanacleto@ufl.edu, 24"
708.0,400.0,tree,,,IMG_626.jpg," sanacleto@ufl.edu, 24"
633.0,205.0,tree,,,IMG_626.jpg," sanacleto@ufl.edu, 24"
137.0,424.0,tree,,,IMG_626.jpg," sanacleto@ufl.edu, 24"
132.0,436.0,tree,,,IMG_626.jpg," sanacleto@ufl.edu, 24"
101.0,430.0,tree,,,IMG_626.jpg," sanacleto@ufl.edu, 24"
300.0,453.0,tree,,,IMG_626.jpg," sanacleto@ufl.edu, 24"
302.0,471.0,tree,,,IMG_626.jpg," sanacleto@ufl.edu, 24"
273.0,511.0,tree,,,IMG_626.jpg," sanacleto@ufl.edu, 24"
442.0,542.0,tree,,,IMG_626.jpg," sanacleto@ufl.edu, 24"
557.0,471.0,tree,,,IMG_626.jpg," sanacleto@ufl.edu, 24"
526.0,457.0,tree,,,IMG_626.jpg," sanacleto@ufl.edu, 24"
539.0,464.0,tree,,,IMG_626.jpg," sanacleto@ufl.edu, 24"
175.0,747.0,tree,,,IMG_626.jpg," sanacleto@ufl.edu, 24"
359.0,848.0,tree,,,IMG_626.jpg," sanacleto@ufl.edu, 24"
424.0,938.4766344662271,tree,,,IMG_626.jpg," sanacleto@ufl.edu, 24"
418.0,904.0,tree,,,IMG_626.jpg," sanacleto@ufl.edu, 24"
439.429903398681,940.5700966013189,tree,,,IMG_626.jpg," sanacleto@ufl.edu, 24"
430.52336553377313,911.9532689324541,tree,,,IMG_626.jpg," sanacleto@ufl.edu, 24"
392.0,986.0,tree,,,IMG_626.jpg," sanacleto@ufl.edu, 24"
655.0,717.0,tree,,,IMG_626.jpg," sanacleto@ufl.edu, 24"
673.0,655.0,tree,,,IMG_626.jpg," sanacleto@ufl.edu, 24"
8.579420392086348,28.598067973621163,tree,,,IMG_626.jpg," sanacleto@ufl.edu, 24"
38.60739176438857,327.92451276418933,tree,,,IMG_626.jpg," sanacleto@ufl.edu, 24"
631.0640332845736,219.2518544644289,tree,,,IMG_626.jpg," sanacleto@ufl.edu, 24"
516.8609279344513,580.0641453982824,tree,,,IMG_626.jpg," sanacleto@ufl.edu, 24"
170.8243054536353,425.1579438745013,tree,,,IMG_626.jpg," sanacleto@ufl.edu, 24"
754.0357255711446,569.1015526750612,tree,,,IMG_626.jpg," sanacleto@ufl.edu, 24"
771.1945663553172,578.1576075333745,tree,,,IMG_626.jpg," sanacleto@ufl.edu, 24"
742.7856649260584,816.6640071912465,tree,,,IMG_626.jpg," sanacleto@ufl.edu, 24"
133.0,18.0,tree,,,IMG_433.jpg," sanacleto@ufl.edu, 24"
89.0,53.0,tree,,,IMG_433.jpg," sanacleto@ufl.edu, 24"
84.0,106.0,tree,,,IMG_433.jpg," sanacleto@ufl.edu, 24"
33.0,153.0,tree,,,IMG_433.jpg," sanacleto@ufl.edu, 24"
46.0,180.0,tree,,,IMG_433.jpg," sanacleto@ufl.edu, 24"
12.0,190.0,tree,,,IMG_433.jpg," sanacleto@ufl.edu, 24"
9.0,221.0,tree,,,IMG_433.jpg," sanacleto@ufl.edu, 24"
409.0,43.0,tree,,,IMG_433.jpg," sanacleto@ufl.edu, 24"
351.0,346.0,tree,,,IMG_433.jpg," sanacleto@ufl.edu, 24"
324.0,417.0,tree,,,IMG_433.jpg," sanacleto@ufl.edu, 24"
298.0,553.0,tree,,,IMG_433.jpg," sanacleto@ufl.edu, 24"
279.0,645.0,tree,,,IMG_433.jpg," sanacleto@ufl.edu, 24"
171.0,571.0,tree,,,IMG_433.jpg," sanacleto@ufl.edu, 24"
51.0,134.0,tree,,,IMG_433.jpg," sanacleto@ufl.edu, 24"
410.0,68.0,tree,,,IMG_433.jpg," sanacleto@ufl.edu, 24"
399.0,125.0,tree,,,IMG_433.jpg," sanacleto@ufl.edu, 24"
356.0,290.0,tree,,,IMG_433.jpg," sanacleto@ufl.edu, 24"
148.0,143.0,tree,,,IMG_433.jpg," sanacleto@ufl.edu, 24"
293.0,442.0,tree,,,IMG_433.jpg," sanacleto@ufl.edu, 24"
102.0,399.0,tree,,,IMG_433.jpg," sanacleto@ufl.edu, 24"
87.0,391.0,tree,,,IMG_433.jpg," sanacleto@ufl.edu, 24"
117.0,322.0,tree,,,IMG_433.jpg," sanacleto@ufl.edu, 24"
358.0,263.0,tree,,,IMG_433.jpg," sanacleto@ufl.edu, 24"
278.0,726.0,tree,,,IMG_433.jpg," sanacleto@ufl.edu, 24"
246.0,754.0,tree,,,IMG_433.jpg," sanacleto@ufl.edu, 24"
263.0,695.0,tree,,,IMG_433.jpg," sanacleto@ufl.edu, 24"
225.0,828.0,tree,,,IMG_433.jpg," sanacleto@ufl.edu, 24"
206.0,879.0,tree,,,IMG_433.jpg," sanacleto@ufl.edu, 24"
174.0,959.0,tree,,,IMG_433.jpg," sanacleto@ufl.edu, 24"
133.0,992.0,tree,,,IMG_433.jpg," sanacleto@ufl.edu, 24"
90.0,1017.0,tree,,,IMG_433.jpg," sanacleto@ufl.edu, 24"
34.0,1015.0,tree,,,IMG_433.jpg," sanacleto@ufl.edu, 24"
290.0,866.0,tree,,,IMG_433.jpg," sanacleto@ufl.edu, 24"
256.0,920.0,tree,,,IMG_433.jpg," sanacleto@ufl.edu, 24"
817.0,760.0,tree,,,IMG_433.jpg," sanacleto@ufl.edu, 24"
770.0,821.0,tree,,,IMG_433.jpg," sanacleto@ufl.edu, 24"
763.0,714.0,tree,,,IMG_433.jpg," sanacleto@ufl.edu, 24"
864.0,794.0,tree,,,IMG_433.jpg," sanacleto@ufl.edu, 24"
727.0,894.0,tree,,,IMG_433.jpg," sanacleto@ufl.edu, 24"
713.0,829.0,tree,,,IMG_433.jpg," sanacleto@ufl.edu, 24"
680.0,834.0,tree,,,IMG_433.jpg," sanacleto@ufl.edu, 24"
637.0,768.0,tree,,,IMG_433.jpg," sanacleto@ufl.edu, 24"
625.0,696.0,tree,,,IMG_433.jpg," sanacleto@ufl.edu, 24"
595.0,671.0,tree,,,IMG_433.jpg," sanacleto@ufl.edu, 24"
579.0,729.0,tree,,,IMG_433.jpg," sanacleto@ufl.edu, 24"
570.0,770.0,tree,,,IMG_433.jpg," sanacleto@ufl.edu, 24"
566.0,800.0,tree,,,IMG_433.jpg," sanacleto@ufl.edu, 24"
556.0,840.0,tree,,,IMG_433.jpg," sanacleto@ufl.edu, 24"
541.0,857.0,tree,,,IMG_433.jpg," sanacleto@ufl.edu, 24"
532.0,900.0,tree,,,IMG_433.jpg," sanacleto@ufl.edu, 24"
319.0,965.0,tree,,,IMG_433.jpg," sanacleto@ufl.edu, 24"
401.0,981.0,tree,,,IMG_433.jpg," sanacleto@ufl.edu, 24"
380.0,776.0,tree,,,IMG_433.jpg," sanacleto@ufl.edu, 24"
338.0,678.0,tree,,,IMG_433.jpg," sanacleto@ufl.edu, 24"
364.0,550.0,tree,,,IMG_433.jpg," sanacleto@ufl.edu, 24"
381.0,486.0,tree,,,IMG_433.jpg," sanacleto@ufl.edu, 24"
395.0,413.0,tree,,,IMG_433.jpg," sanacleto@ufl.edu, 24"
412.0,358.0,tree,,,IMG_433.jpg," sanacleto@ufl.edu, 24"
438.0,289.0,tree,,,IMG_433.jpg," sanacleto@ufl.edu, 24"
443.0,237.0,tree,,,IMG_433.jpg," sanacleto@ufl.edu, 24"
495.0,65.0,tree,,,IMG_433.jpg," sanacleto@ufl.edu, 24"
545.0,92.0,tree,,,IMG_433.jpg," sanacleto@ufl.edu, 24"
585.0,171.0,tree,,,IMG_433.jpg," sanacleto@ufl.edu, 24"
554.0,140.0,tree,,,IMG_433.jpg," sanacleto@ufl.edu, 24"
486.0,119.0,tree,,,IMG_433.jpg," sanacleto@ufl.edu, 24"
597.0,427.0,tree,,,IMG_433.jpg," sanacleto@ufl.edu, 24"
472.0,401.0,tree,,,IMG_433.jpg," sanacleto@ufl.edu, 24"
406.0,512.0,tree,,,IMG_433.jpg," sanacleto@ufl.edu, 24"
448.0,595.0,tree,,,IMG_433.jpg," sanacleto@ufl.edu, 24"
688.0,314.0,tree,,,IMG_433.jpg," sanacleto@ufl.edu, 24"
668.0,336.0,tree,,,IMG_433.jpg," sanacleto@ufl.edu, 24"
662.0,365.0,tree,,,IMG_433.jpg," sanacleto@ufl.edu, 24"
653.0,385.0,tree,,,IMG_433.jpg," sanacleto@ufl.edu, 24"
646.0,411.0,tree,,,IMG_433.jpg," sanacleto@ufl.edu, 24"
642.0,434.0,tree,,,IMG_433.jpg," sanacleto@ufl.edu, 24"
637.0,462.0,tree,,,IMG_433.jpg," sanacleto@ufl.edu, 24"
625.0,502.0,tree,,,IMG_433.jpg," sanacleto@ufl.edu, 24"
625.0,525.0,tree,,,IMG_433.jpg," sanacleto@ufl.edu, 24"
613.0,562.0,tree,,,IMG_433.jpg," sanacleto@ufl.edu, 24"
604.0,610.0,tree,,,IMG_433.jpg," sanacleto@ufl.edu, 24"
598.0,634.0,tree,,,IMG_433.jpg," sanacleto@ufl.edu, 24"
661.0,501.0,tree,,,IMG_433.jpg," sanacleto@ufl.edu, 24"
394.0,586.0,tree,,,IMG_433.jpg," sanacleto@ufl.edu, 24"
423.0,706.0,tree,,,IMG_433.jpg," sanacleto@ufl.edu, 24"
359.0,699.0,tree,,,IMG_433.jpg," sanacleto@ufl.edu, 24"
378.0,684.0,tree,,,IMG_433.jpg," sanacleto@ufl.edu, 24"
527.0,817.0,tree,,,IMG_433.jpg," sanacleto@ufl.edu, 24"
550.0,753.0,tree,,,IMG_433.jpg," sanacleto@ufl.edu, 24"
528.0,931.0,tree,,,IMG_433.jpg," sanacleto@ufl.edu, 24"
519.0,950.0,tree,,,IMG_433.jpg," sanacleto@ufl.edu, 24"
505.0,967.0,tree,,,IMG_433.jpg," sanacleto@ufl.edu, 24"
504.0,986.0,tree,,,IMG_433.jpg," sanacleto@ufl.edu, 24"
326.0,889.0,tree,,,IMG_433.jpg," sanacleto@ufl.edu, 24"
595.0,994.0,tree,,,IMG_433.jpg," sanacleto@ufl.edu, 24"
667.0,952.0,tree,,,IMG_433.jpg," sanacleto@ufl.edu, 24"
682.0,914.0,tree,,,IMG_433.jpg," sanacleto@ufl.edu, 24"
761.0,369.0,tree,,,IMG_433.jpg," sanacleto@ufl.edu, 24"
838.0,449.0,tree,,,IMG_433.jpg," sanacleto@ufl.edu, 24"
893.0,445.0,tree,,,IMG_433.jpg," sanacleto@ufl.edu, 24"
810.0,360.0,tree,,,IMG_433.jpg," sanacleto@ufl.edu, 24"
1011.0,724.0,tree,,,IMG_433.jpg," sanacleto@ufl.edu, 24"
914.0,676.0,tree,,,IMG_433.jpg," sanacleto@ufl.edu, 24"
920.0,634.0,tree,,,IMG_433.jpg," sanacleto@ufl.edu, 24"
917.0,592.0,tree,,,IMG_433.jpg," sanacleto@ufl.edu, 24"
880.0,551.0,tree,,,IMG_433.jpg," sanacleto@ufl.edu, 24"
848.0,701.0,tree,,,IMG_433.jpg," sanacleto@ufl.edu, 24"
704.0,650.0,tree,,,IMG_433.jpg," sanacleto@ufl.edu, 24"
908.0,725.0,tree,,,IMG_433.jpg," sanacleto@ufl.edu, 24"
996.0,524.0,tree,,,IMG_433.jpg," sanacleto@ufl.edu, 24"
927.0,336.0,tree,,,IMG_433.jpg," sanacleto@ufl.edu, 24"
979.0,301.0,tree,,,IMG_433.jpg," sanacleto@ufl.edu, 24"
985.0,146.0,tree,,,IMG_433.jpg," sanacleto@ufl.edu, 24"
791.0,115.0,tree,,,IMG_433.jpg," sanacleto@ufl.edu, 24"
834.0,89.0,tree,,,IMG_433.jpg," sanacleto@ufl.edu, 24"
918.0,31.0,tree,,,IMG_433.jpg," sanacleto@ufl.edu, 24"
975.0,111.0,tree,,,IMG_433.jpg," sanacleto@ufl.edu, 24"
583.0,47.0,tree,,,IMG_433.jpg," sanacleto@ufl.edu, 24"
859.0,13.0,tree,,,IMG_433.jpg," sanacleto@ufl.edu, 24"
728.0,102.0,tree,,,IMG_433.jpg," sanacleto@ufl.edu, 24"
639.0,50.0,tree,,,IMG_433.jpg," sanacleto@ufl.edu, 24"
248.0,39.0,tree,,,IMG_433.jpg," sanacleto@ufl.edu, 24"
136.0,311.0,tree,,,IMG_433.jpg," sanacleto@ufl.edu, 24"
331.0,256.0,tree,,,IMG_433.jpg," sanacleto@ufl.edu, 24"
134.0,514.0,tree,,,IMG_433.jpg," sanacleto@ufl.edu, 24"
185.0,526.0,tree,,,IMG_433.jpg," sanacleto@ufl.edu, 24"
253.0,526.0,tree,,,IMG_433.jpg," sanacleto@ufl.edu, 24"
212.0,507.0,tree,,,IMG_433.jpg," sanacleto@ufl.edu, 24"
747.0,79.0,tree,,,IMG_433.jpg," sanacleto@ufl.edu, 24"
764.0,305.0,tree,,,IMG_433.jpg," sanacleto@ufl.edu, 24"
921.0,194.0,tree,,,IMG_433.jpg," sanacleto@ufl.edu, 24"
897.0,188.0,tree,,,IMG_433.jpg," sanacleto@ufl.edu, 24"
930.0,185.0,tree,,,IMG_433.jpg," sanacleto@ufl.edu, 24"
810.0,186.0,tree,,,IMG_433.jpg," sanacleto@ufl.edu, 24"
824.0,173.0,tree,,,IMG_433.jpg," sanacleto@ufl.edu, 24"
481.0,207.0,tree,,,IMG_433.jpg," sanacleto@ufl.edu, 24"
583.0,348.0,tree,,,IMG_433.jpg," sanacleto@ufl.edu, 24"
605.1457874770982,347.14578747709834,tree,,,IMG_433.jpg," sanacleto@ufl.edu, 24"
593.9999999999999,353.04859582569946,tree,,,IMG_433.jpg," sanacleto@ufl.edu, 24"
386.0,884.0,tree,,,IMG_433.jpg," sanacleto@ufl.edu, 24"
413.0,881.0,tree,,,IMG_433.jpg," sanacleto@ufl.edu, 24"
604.0,955.0,tree,,,IMG_433.jpg," sanacleto@ufl.edu, 24"
540.0,805.0,tree,,,IMG_433.jpg," sanacleto@ufl.edu, 24"
834.0,688.0,tree,,,IMG_433.jpg," sanacleto@ufl.edu, 24"
375.0,702.0,tree,,,IMG_433.jpg," sanacleto@ufl.edu, 24"
530.0,134.0,tree,,,IMG_433.jpg," sanacleto@ufl.edu, 24"
506.0,197.0,tree,,,IMG_16.jpg," sanacleto@ufl.edu, 24"
345.0,182.0,tree,,,IMG_16.jpg," sanacleto@ufl.edu, 24"
225.0,183.0,tree,,,IMG_16.jpg," sanacleto@ufl.edu, 24"
8.0,47.0,tree,,,IMG_16.jpg," sanacleto@ufl.edu, 24"
36.0,80.0,tree,,,IMG_16.jpg," sanacleto@ufl.edu, 24"
83.0,85.0,tree,,,IMG_16.jpg," sanacleto@ufl.edu, 24"
7.0,162.0,tree,,,IMG_16.jpg," sanacleto@ufl.edu, 24"
73.0,108.0,tree,,,IMG_16.jpg," sanacleto@ufl.edu, 24"
363.0,30.0,tree,,,IMG_16.jpg," sanacleto@ufl.edu, 24"
292.0,123.0,tree,,,IMG_16.jpg," sanacleto@ufl.edu, 24"
120.0,302.0,tree,,,IMG_16.jpg," sanacleto@ufl.edu, 24"
71.0,276.0,tree,,,IMG_16.jpg," sanacleto@ufl.edu, 24"
243.0,386.0,tree,,,IMG_16.jpg," sanacleto@ufl.edu, 24"
308.0,362.0,tree,,,IMG_16.jpg," sanacleto@ufl.edu, 24"
282.0,334.0,tree,,,IMG_16.jpg," sanacleto@ufl.edu, 24"
446.0,264.0,tree,,,IMG_16.jpg," sanacleto@ufl.edu, 24"
457.0,171.0,tree,,,IMG_16.jpg," sanacleto@ufl.edu, 24"
331.0,12.0,tree,,,IMG_16.jpg," sanacleto@ufl.edu, 24"
409.0,42.0,tree,,,IMG_16.jpg," sanacleto@ufl.edu, 24"
404.0,10.0,tree,,,IMG_16.jpg," sanacleto@ufl.edu, 24"
166.0,120.0,tree,,,IMG_16.jpg," sanacleto@ufl.edu, 24"
195.0,169.0,tree,,,IMG_16.jpg," sanacleto@ufl.edu, 24"
252.0,193.0,tree,,,IMG_16.jpg," sanacleto@ufl.edu, 24"
298.0,189.0,tree,,,IMG_16.jpg," sanacleto@ufl.edu, 24"
273.0,212.0,tree,,,IMG_16.jpg," sanacleto@ufl.edu, 24"
457.0,221.0,tree,,,IMG_16.jpg," sanacleto@ufl.edu, 24"
403.0,203.0,tree,,,IMG_16.jpg," sanacleto@ufl.edu, 24"
401.0,243.0,tree,,,IMG_16.jpg," sanacleto@ufl.edu, 24"
369.0,231.0,tree,,,IMG_16.jpg," sanacleto@ufl.edu, 24"
378.0,284.0,tree,,,IMG_16.jpg," sanacleto@ufl.edu, 24"
419.0,399.0,tree,,,IMG_16.jpg," sanacleto@ufl.edu, 24"
492.0,404.0,tree,,,IMG_16.jpg," sanacleto@ufl.edu, 24"
434.0,373.0,tree,,,IMG_16.jpg," sanacleto@ufl.edu, 24"
406.0,132.0,tree,,,IMG_16.jpg," sanacleto@ufl.edu, 24"
423.0,95.0,tree,,,IMG_16.jpg," sanacleto@ufl.edu, 24"
508.0,76.0,tree,,,IMG_16.jpg," sanacleto@ufl.edu, 24"
451.0,77.0,tree,,,IMG_16.jpg," sanacleto@ufl.edu, 24"
557.0,88.0,tree,,,IMG_16.jpg," sanacleto@ufl.edu, 24"
568.0,8.0,tree,,,IMG_16.jpg," sanacleto@ufl.edu, 24"
558.0,46.0,tree,,,IMG_16.jpg," sanacleto@ufl.edu, 24"
133.0,226.0,tree,,,IMG_16.jpg," sanacleto@ufl.edu, 24"
164.0,325.0,tree,,,IMG_16.jpg," sanacleto@ufl.edu, 24"
165.0,352.0,tree,,,IMG_16.jpg," sanacleto@ufl.edu, 24"
153.0,389.0,tree,,,IMG_16.jpg," sanacleto@ufl.edu, 24"
501.0,269.0,tree,,,IMG_16.jpg," sanacleto@ufl.edu, 24"
893.0,224.0,tree,,,IMG_16.jpg," sanacleto@ufl.edu, 24"
975.0,48.0,tree,,,IMG_16.jpg," sanacleto@ufl.edu, 24"
814.0,54.0,tree,,,IMG_16.jpg," sanacleto@ufl.edu, 24"
880.0,78.0,tree,,,IMG_16.jpg," sanacleto@ufl.edu, 24"
869.0,22.0,tree,,,IMG_16.jpg," sanacleto@ufl.edu, 24"
1003.0,32.0,tree,,,IMG_16.jpg," sanacleto@ufl.edu, 24"
844.0,63.0,tree,,,IMG_16.jpg," sanacleto@ufl.edu, 24"
909.0,43.0,tree,,,IMG_16.jpg," sanacleto@ufl.edu, 24"
942.0,55.0,tree,,,IMG_16.jpg," sanacleto@ufl.edu, 24"
936.0,223.0,tree,,,IMG_16.jpg," sanacleto@ufl.edu, 24"
970.0,248.0,tree,,,IMG_16.jpg," sanacleto@ufl.edu, 24"
1001.0,249.0,tree,,,IMG_16.jpg," sanacleto@ufl.edu, 24"
635.0,232.0,tree,,,IMG_16.jpg," sanacleto@ufl.edu, 24"
642.0,218.0,tree,,,IMG_16.jpg," sanacleto@ufl.edu, 24"
640.0,202.0,tree,,,IMG_16.jpg," sanacleto@ufl.edu, 24"
710.0,212.0,tree,,,IMG_16.jpg," sanacleto@ufl.edu, 24"
645.0,371.0,tree,,,IMG_16.jpg," sanacleto@ufl.edu, 24"
808.0,401.0,tree,,,IMG_16.jpg," sanacleto@ufl.edu, 24"
617.0,459.0,tree,,,IMG_16.jpg," sanacleto@ufl.edu, 24"
731.0,476.0,tree,,,IMG_16.jpg," sanacleto@ufl.edu, 24"
899.0,98.0,tree,,,IMG_16.jpg," sanacleto@ufl.edu, 24"
1007.0,437.0,tree,,,IMG_16.jpg," sanacleto@ufl.edu, 24"
978.0,508.0,tree,,,IMG_16.jpg," sanacleto@ufl.edu, 24"
824.0,513.0,tree,,,IMG_16.jpg," sanacleto@ufl.edu, 24"
816.0,487.0,tree,,,IMG_16.jpg," sanacleto@ufl.edu, 24"
1019.0,466.0,tree,,,IMG_16.jpg," sanacleto@ufl.edu, 24"
997.0,631.0,tree,,,IMG_16.jpg," sanacleto@ufl.edu, 24"
674.0,609.0,tree,,,IMG_16.jpg," sanacleto@ufl.edu, 24"
767.0,687.0,tree,,,IMG_16.jpg," sanacleto@ufl.edu, 24"
912.0,669.0,tree,,,IMG_16.jpg," sanacleto@ufl.edu, 24"
909.0,648.0,tree,,,IMG_16.jpg," sanacleto@ufl.edu, 24"
806.0,668.0,tree,,,IMG_16.jpg," sanacleto@ufl.edu, 24"
999.0,676.0,tree,,,IMG_16.jpg," sanacleto@ufl.edu, 24"
707.0,691.0,tree,,,IMG_16.jpg," sanacleto@ufl.edu, 24"
703.0,719.0,tree,,,IMG_16.jpg," sanacleto@ufl.edu, 24"
625.0,797.0,tree,,,IMG_16.jpg," sanacleto@ufl.edu, 24"
606.0,570.0,tree,,,IMG_16.jpg," sanacleto@ufl.edu, 24"
612.0,546.0,tree,,,IMG_16.jpg," sanacleto@ufl.edu, 24"
596.0,600.0,tree,,,IMG_16.jpg," sanacleto@ufl.edu, 24"
586.0,650.0,tree,,,IMG_16.jpg," sanacleto@ufl.edu, 24"
953.0,677.0,tree,,,IMG_16.jpg," sanacleto@ufl.edu, 24"
580.0,805.0,tree,,,IMG_16.jpg," sanacleto@ufl.edu, 24"
648.0,904.0,tree,,,IMG_16.jpg," sanacleto@ufl.edu, 24"
630.0,886.0,tree,,,IMG_16.jpg," sanacleto@ufl.edu, 24"
768.0,932.0,tree,,,IMG_16.jpg," sanacleto@ufl.edu, 24"
695.0,968.0,tree,,,IMG_16.jpg," sanacleto@ufl.edu, 24"
667.0,982.0,tree,,,IMG_16.jpg," sanacleto@ufl.edu, 24"
572.0,955.0,tree,,,IMG_16.jpg," sanacleto@ufl.edu, 24"
605.0,939.0,tree,,,IMG_16.jpg," sanacleto@ufl.edu, 24"
632.0,925.0,tree,,,IMG_16.jpg," sanacleto@ufl.edu, 24"
517.0,767.0,tree,,,IMG_16.jpg," sanacleto@ufl.edu, 24"
392.0,770.0,tree,,,IMG_16.jpg," sanacleto@ufl.edu, 24"
325.0,991.0,tree,,,IMG_16.jpg," sanacleto@ufl.edu, 24"
220.0,1011.0,tree,,,IMG_16.jpg," sanacleto@ufl.edu, 24"
143.0,973.0,tree,,,IMG_16.jpg," sanacleto@ufl.edu, 24"
30.0,982.0,tree,,,IMG_16.jpg," sanacleto@ufl.edu, 24"
136.0,896.0,tree,,,IMG_16.jpg," sanacleto@ufl.edu, 24"
168.0,850.0,tree,,,IMG_16.jpg," sanacleto@ufl.edu, 24"
150.0,784.0,tree,,,IMG_16.jpg," sanacleto@ufl.edu, 24"
88.0,981.0,tree,,,IMG_16.jpg," sanacleto@ufl.edu, 24"
449.0,805.0,tree,,,IMG_16.jpg," sanacleto@ufl.edu, 24"
457.0,822.0,tree,,,IMG_16.jpg," sanacleto@ufl.edu, 24"
438.0,841.0,tree,,,IMG_16.jpg," sanacleto@ufl.edu, 24"
220.0,918.0,tree,,,IMG_16.jpg," sanacleto@ufl.edu, 24"
243.0,948.0,tree,,,IMG_16.jpg," sanacleto@ufl.edu, 24"
235.0,975.0,tree,,,IMG_16.jpg," sanacleto@ufl.edu, 24"
274.0,981.0,tree,,,IMG_16.jpg," sanacleto@ufl.edu, 24"
376.0,913.0,tree,,,IMG_16.jpg," sanacleto@ufl.edu, 24"
182.0,805.0,tree,,,IMG_16.jpg," sanacleto@ufl.edu, 24"
200.0,751.0,tree,,,IMG_16.jpg," sanacleto@ufl.edu, 24"
272.0,689.0,tree,,,IMG_16.jpg," sanacleto@ufl.edu, 24"
84.0,600.0,tree,,,IMG_16.jpg," sanacleto@ufl.edu, 24"
116.0,618.0,tree,,,IMG_16.jpg," sanacleto@ufl.edu, 24"
142.0,625.0,tree,,,IMG_16.jpg," sanacleto@ufl.edu, 24"
173.0,635.0,tree,,,IMG_16.jpg," sanacleto@ufl.edu, 24"
214.0,671.0,tree,,,IMG_16.jpg," sanacleto@ufl.edu, 24"
201.0,646.0,tree,,,IMG_16.jpg," sanacleto@ufl.edu, 24"
52.0,571.0,tree,,,IMG_16.jpg," sanacleto@ufl.edu, 24"
41.0,552.0,tree,,,IMG_16.jpg," sanacleto@ufl.edu, 24"
3.0,527.0,tree,,,IMG_16.jpg," sanacleto@ufl.edu, 24"
177.0,718.0,tree,,,IMG_16.jpg," sanacleto@ufl.edu, 24"
67.0,494.0,tree,,,IMG_16.jpg," sanacleto@ufl.edu, 24"
359.0,456.0,tree,,,IMG_16.jpg," sanacleto@ufl.edu, 24"
371.0,346.0,tree,,,IMG_16.jpg," sanacleto@ufl.edu, 24"
411.0,525.0,tree,,,IMG_16.jpg," sanacleto@ufl.edu, 24"
439.0,518.0,tree,,,IMG_16.jpg," sanacleto@ufl.edu, 24"
587.0,367.0,tree,,,IMG_16.jpg," sanacleto@ufl.edu, 24"
358.0,742.0,tree,,,IMG_16.jpg," sanacleto@ufl.edu, 24"
332.0,432.0,tree,,,IMG_16.jpg," sanacleto@ufl.edu, 24"
26.0,108.0,tree,,,IMG_16.jpg," sanacleto@ufl.edu, 24"
269.0,243.0,tree,,,IMG_16.jpg," sanacleto@ufl.edu, 24"
231.0,312.0,tree,,,IMG_16.jpg," sanacleto@ufl.edu, 24"
227.0,328.0,tree,,,IMG_16.jpg," sanacleto@ufl.edu, 24"
201.0,583.0,tree,,,IMG_16.jpg," sanacleto@ufl.edu, 24"
215.0,582.0,tree,,,IMG_16.jpg," sanacleto@ufl.edu, 24"
228.0,563.0,tree,,,IMG_16.jpg," sanacleto@ufl.edu, 24"
288.0,492.0,tree,,,IMG_16.jpg," sanacleto@ufl.edu, 24"
292.0,473.0,tree,,,IMG_16.jpg," sanacleto@ufl.edu, 24"
303.0,452.0,tree,,,IMG_16.jpg," sanacleto@ufl.edu, 24"
311.0,629.0,tree,,,IMG_16.jpg," sanacleto@ufl.edu, 24"
377.0,693.0,tree,,,IMG_16.jpg," sanacleto@ufl.edu, 24"
763.0,836.0,tree,,,IMG_16.jpg," sanacleto@ufl.edu, 24"
763.0,823.0,tree,,,IMG_16.jpg," sanacleto@ufl.edu, 24"
817.9532689324541,846.9532689324541,tree,,,IMG_16.jpg," sanacleto@ufl.edu, 24"
819.5700966013189,836.046731067546,tree,,,IMG_16.jpg," sanacleto@ufl.edu, 24"
871.0,860.0,tree,,,IMG_16.jpg," sanacleto@ufl.edu, 24"
859.0,858.0,tree,,,IMG_16.jpg," sanacleto@ufl.edu, 24"
561.0,771.0,tree,,,IMG_16.jpg," sanacleto@ufl.edu, 24"
555.0,726.0,tree,,,IMG_16.jpg," sanacleto@ufl.edu, 24"
507.0,732.0,tree,,,IMG_16.jpg," sanacleto@ufl.edu, 24"
558.0,748.0,tree,,,IMG_16.jpg," sanacleto@ufl.edu, 24"
915.0,860.0,tree,,,IMG_16.jpg," sanacleto@ufl.edu, 24"
689.0,817.0,tree,,,IMG_16.jpg," sanacleto@ufl.edu, 24"
564.0,811.0,tree,,,IMG_16.jpg," sanacleto@ufl.edu, 24"
892.0,674.0,tree,,,IMG_16.jpg," sanacleto@ufl.edu, 24"
670.0,636.0,tree,,,IMG_16.jpg," sanacleto@ufl.edu, 24"
515.0,570.0,tree,,,IMG_16.jpg," sanacleto@ufl.edu, 24"
531.0,580.0,tree,,,IMG_16.jpg," sanacleto@ufl.edu, 24"
533.0,603.0,tree,,,IMG_16.jpg," sanacleto@ufl.edu, 24"
591.0,628.0,tree,,,IMG_16.jpg," sanacleto@ufl.edu, 24"
744.0,655.0,tree,,,IMG_16.jpg," sanacleto@ufl.edu, 24"
722.0,652.0,tree,,,IMG_16.jpg," sanacleto@ufl.edu, 24"
692.0,646.0,tree,,,IMG_16.jpg," sanacleto@ufl.edu, 24"
848.0,680.0,tree,,,IMG_16.jpg," sanacleto@ufl.edu, 24"
943.0,622.0,tree,,,IMG_16.jpg," sanacleto@ufl.edu, 24"
839.4766344662272,724.4766344662271,tree,,,IMG_16.jpg," sanacleto@ufl.edu, 24"
784.0,672.0,tree,,,IMG_16.jpg," sanacleto@ufl.edu, 24"
509.0,541.0,tree,,,IMG_16.jpg," sanacleto@ufl.edu, 24"
374.0,404.0,tree,,,IMG_16.jpg," sanacleto@ufl.edu, 24"
391.0,383.0,tree,,,IMG_16.jpg," sanacleto@ufl.edu, 24"
407.0,494.0,tree,,,IMG_16.jpg," sanacleto@ufl.edu, 24"
763.0,633.0,tree,,,IMG_16.jpg," sanacleto@ufl.edu, 24"
766.0,616.0,tree,,,IMG_16.jpg," sanacleto@ufl.edu, 24"
629.0,634.0,tree,,,IMG_16.jpg," sanacleto@ufl.edu, 24"
550.0,596.0,tree,,,IMG_16.jpg," sanacleto@ufl.edu, 24"
571.0,607.0,tree,,,IMG_16.jpg," sanacleto@ufl.edu, 24"
615.0,625.0,tree,,,IMG_16.jpg," sanacleto@ufl.edu, 24"
853.0,200.0,tree,,,IMG_16.jpg," sanacleto@ufl.edu, 24"
819.0,187.0,tree,,,IMG_16.jpg," sanacleto@ufl.edu, 24"
786.0,184.0,tree,,,IMG_16.jpg," sanacleto@ufl.edu, 24"
769.0,176.0,tree,,,IMG_16.jpg," sanacleto@ufl.edu, 24"
586.0,150.2897101960432,tree,,,IMG_16.jpg," sanacleto@ufl.edu, 24"
597.3831723311351,149.3831723311351,tree,,,IMG_16.jpg," sanacleto@ufl.edu, 24"
607.0,152.0,tree,,,IMG_16.jpg," sanacleto@ufl.edu, 24"
616.0,152.0,tree,,,IMG_16.jpg," sanacleto@ufl.edu, 24"
632.0,156.0,tree,,,IMG_16.jpg," sanacleto@ufl.edu, 24"
650.0,163.0,tree,,,IMG_16.jpg," sanacleto@ufl.edu, 24"
667.0,164.0,tree,,,IMG_16.jpg," sanacleto@ufl.edu, 24"
679.0,165.0,tree,,,IMG_16.jpg," sanacleto@ufl.edu, 24"
690.0,168.0,tree,,,IMG_16.jpg," sanacleto@ufl.edu, 24"
704.7663446622703,174.85980679736207,tree,,,IMG_16.jpg," sanacleto@ufl.edu, 24"
732.0,180.0,tree,,,IMG_16.jpg," sanacleto@ufl.edu, 24"
519.0,296.0,tree,,,IMG_16.jpg," sanacleto@ufl.edu, 24"
303.0,229.0,tree,,,IMG_16.jpg," sanacleto@ufl.edu, 24"
346.0,238.0,tree,,,IMG_16.jpg," sanacleto@ufl.edu, 24"
326.0,240.0,tree,,,IMG_16.jpg," sanacleto@ufl.edu, 24"
289.0,152.0,tree,,,IMG_16.jpg," sanacleto@ufl.edu, 24"
713.0,45.0,tree,,,IMG_16.jpg," sanacleto@ufl.edu, 24"
372.0,64.0,tree,,,IMG_16.jpg," sanacleto@ufl.edu, 24"
264.0,440.0,tree,,,IMG_16.jpg," sanacleto@ufl.edu, 24"
819.0,946.0,tree,,,IMG_16.jpg," sanacleto@ufl.edu, 24"
562.0,876.0,tree,,,IMG_16.jpg," sanacleto@ufl.edu, 24"
534.0,860.0,tree,,,IMG_16.jpg," sanacleto@ufl.edu, 24"
323.0,909.0,tree,,,IMG_16.jpg," sanacleto@ufl.edu, 24"
311.0,900.0,tree,,,IMG_16.jpg," sanacleto@ufl.edu, 24"
21.0,1017.0,tree,,,IMG_16.jpg," sanacleto@ufl.edu, 24"
11.0,563.0,tree,,,IMG_16.jpg," sanacleto@ufl.edu, 24"
240.0,683.0,tree,,,IMG_16.jpg," sanacleto@ufl.edu, 24"
585.0,884.0,tree,,,IMG_16.jpg," sanacleto@ufl.edu, 24"
353.0,984.0,tree,,,IMG_16.jpg," sanacleto@ufl.edu, 24"
169.0,794.0,tree,,,IMG_16.jpg," sanacleto@ufl.edu, 24"
9.532689324540387,4.7663446622701935,tree,,,IMG_16.jpg," sanacleto@ufl.edu, 24"
311.431472990606,608.1855789056766,tree,,,IMG_16.jpg," sanacleto@ufl.edu, 24"
719.9072105471616,953.9347334646283,tree,,,IMG_16.jpg," sanacleto@ufl.edu, 24"
725.1501896756588,964.4206917216225,tree,,,IMG_16.jpg," sanacleto@ufl.edu, 24"
699.8885629656266,983.4860703707033,tree,,,IMG_16.jpg," sanacleto@ufl.edu, 24"
39.0,86.0,tree,,,IMG_332.jpg," sanacleto@ufl.edu, 24"
82.0,9.0,tree,,,IMG_332.jpg," sanacleto@ufl.edu, 24"
120.0,75.0,tree,,,IMG_332.jpg," sanacleto@ufl.edu, 24"
118.0,117.0,tree,,,IMG_332.jpg," sanacleto@ufl.edu, 24"
270.0,49.0,tree,,,IMG_332.jpg," sanacleto@ufl.edu, 24"
292.0,46.0,tree,,,IMG_332.jpg," sanacleto@ufl.edu, 24"
394.0,70.0,tree,,,IMG_332.jpg," sanacleto@ufl.edu, 24"
116.0,229.0,tree,,,IMG_332.jpg," sanacleto@ufl.edu, 24"
15.0,256.0,tree,,,IMG_332.jpg," sanacleto@ufl.edu, 24"
158.0,254.0,tree,,,IMG_332.jpg," sanacleto@ufl.edu, 24"
261.0,229.0,tree,,,IMG_332.jpg," sanacleto@ufl.edu, 24"
481.0,149.0,tree,,,IMG_332.jpg," sanacleto@ufl.edu, 24"
517.0,32.0,tree,,,IMG_332.jpg," sanacleto@ufl.edu, 24"
547.0,63.0,tree,,,IMG_332.jpg," sanacleto@ufl.edu, 24"
679.0,203.0,tree,,,IMG_332.jpg," sanacleto@ufl.edu, 24"
199.0,56.0,tree,,,IMG_332.jpg," sanacleto@ufl.edu, 24"
196.0,26.0,tree,,,IMG_332.jpg," sanacleto@ufl.edu, 24"
210.0,20.0,tree,,,IMG_332.jpg," sanacleto@ufl.edu, 24"
257.0,26.0,tree,,,IMG_332.jpg," sanacleto@ufl.edu, 24"
280.0,14.0,tree,,,IMG_332.jpg," sanacleto@ufl.edu, 24"
706.0,348.0,tree,,,IMG_332.jpg," sanacleto@ufl.edu, 24"
306.0,338.0,tree,,,IMG_332.jpg," sanacleto@ufl.edu, 24"
54.0,372.0,tree,,,IMG_332.jpg," sanacleto@ufl.edu, 24"
36.0,400.0,tree,,,IMG_332.jpg," sanacleto@ufl.edu, 24"
37.0,431.0,tree,,,IMG_332.jpg," sanacleto@ufl.edu, 24"
244.0,465.0,tree,,,IMG_332.jpg," sanacleto@ufl.edu, 24"
216.0,475.0,tree,,,IMG_332.jpg," sanacleto@ufl.edu, 24"
220.0,336.0,tree,,,IMG_332.jpg," sanacleto@ufl.edu, 24"
146.0,621.0,tree,,,IMG_332.jpg," sanacleto@ufl.edu, 24"
28.0,657.0,tree,,,IMG_332.jpg," sanacleto@ufl.edu, 24"
17.0,458.0,tree,,,IMG_332.jpg," sanacleto@ufl.edu, 24"
95.0,385.0,tree,,,IMG_332.jpg," sanacleto@ufl.edu, 24"
108.0,360.0,tree,,,IMG_332.jpg," sanacleto@ufl.edu, 24"
319.0,565.0,tree,,,IMG_332.jpg," sanacleto@ufl.edu, 24"
414.0,390.0,tree,,,IMG_332.jpg," sanacleto@ufl.edu, 24"
388.0,383.0,tree,,,IMG_332.jpg," sanacleto@ufl.edu, 24"
378.0,343.0,tree,,,IMG_332.jpg," sanacleto@ufl.edu, 24"
516.0,504.0,tree,,,IMG_332.jpg," sanacleto@ufl.edu, 24"
612.0,419.0,tree,,,IMG_332.jpg," sanacleto@ufl.edu, 24"
385.0,308.0,tree,,,IMG_332.jpg," sanacleto@ufl.edu, 24"
488.0,263.0,tree,,,IMG_332.jpg," sanacleto@ufl.edu, 24"
551.0,204.0,tree,,,IMG_332.jpg," sanacleto@ufl.edu, 24"
552.0,307.0,tree,,,IMG_332.jpg," sanacleto@ufl.edu, 24"
569.0,331.0,tree,,,IMG_332.jpg," sanacleto@ufl.edu, 24"
627.0,400.0,tree,,,IMG_332.jpg," sanacleto@ufl.edu, 24"
535.0,343.0,tree,,,IMG_332.jpg," sanacleto@ufl.edu, 24"
78.0,402.0,tree,,,IMG_332.jpg," sanacleto@ufl.edu, 24"
35.0,838.0,tree,,,IMG_332.jpg," sanacleto@ufl.edu, 24"
81.0,977.0,tree,,,IMG_332.jpg," sanacleto@ufl.edu, 24"
7.0,897.0,tree,,,IMG_332.jpg," sanacleto@ufl.edu, 24"
167.0,762.0,tree,,,IMG_332.jpg," sanacleto@ufl.edu, 24"
324.0,726.0,tree,,,IMG_332.jpg," sanacleto@ufl.edu, 24"
226.0,934.0,tree,,,IMG_332.jpg," sanacleto@ufl.edu, 24"
262.0,1009.0,tree,,,IMG_332.jpg," sanacleto@ufl.edu, 24"
392.0,972.0,tree,,,IMG_332.jpg," sanacleto@ufl.edu, 24"
453.0,945.0,tree,,,IMG_332.jpg," sanacleto@ufl.edu, 24"
522.0,915.0,tree,,,IMG_332.jpg," sanacleto@ufl.edu, 24"
642.0,876.0,tree,,,IMG_332.jpg," sanacleto@ufl.edu, 24"
693.0,855.0,tree,,,IMG_332.jpg," sanacleto@ufl.edu, 24"
511.0,795.0,tree,,,IMG_332.jpg," sanacleto@ufl.edu, 24"
470.0,661.0,tree,,,IMG_332.jpg," sanacleto@ufl.edu, 24"
240.0,748.0,tree,,,IMG_332.jpg," sanacleto@ufl.edu, 24"
768.0,599.0,tree,,,IMG_332.jpg," sanacleto@ufl.edu, 24"
744.0,507.0,tree,,,IMG_332.jpg," sanacleto@ufl.edu, 24"
239.0,990.0,tree,,,IMG_332.jpg," sanacleto@ufl.edu, 24"
197.0,973.0,tree,,,IMG_332.jpg," sanacleto@ufl.edu, 24"
217.0,964.0,tree,,,IMG_332.jpg," sanacleto@ufl.edu, 24"
193.0,939.0,tree,,,IMG_332.jpg," sanacleto@ufl.edu, 24"
161.0,793.0,tree,,,IMG_332.jpg," sanacleto@ufl.edu, 24"
175.0,811.0,tree,,,IMG_332.jpg," sanacleto@ufl.edu, 24"
403.93912782005805,866.3634766920347,tree,,,IMG_332.jpg," sanacleto@ufl.edu, 24"
362.0,851.0,tree,,,IMG_332.jpg," sanacleto@ufl.edu, 24"
179.0,761.0,tree,,,IMG_332.jpg," sanacleto@ufl.edu, 24"
441.0,687.0,tree,,,IMG_332.jpg," sanacleto@ufl.edu, 24"
361.0,726.0,tree,,,IMG_332.jpg," sanacleto@ufl.edu, 24"
410.0,1011.0,tree,,,IMG_332.jpg," sanacleto@ufl.edu, 24"
456.0,988.0,tree,,,IMG_332.jpg," sanacleto@ufl.edu, 24"
550.0,955.0,tree,,,IMG_332.jpg," sanacleto@ufl.edu, 24"
656.0,919.0,tree,,,IMG_332.jpg," sanacleto@ufl.edu, 24"
756.0,885.0,tree,,,IMG_332.jpg," sanacleto@ufl.edu, 24"
805.0,868.0,tree,,,IMG_332.jpg," sanacleto@ufl.edu, 24"
912.0,826.0,tree,,,IMG_332.jpg," sanacleto@ufl.edu, 24"
1007.0,800.0,tree,,,IMG_332.jpg," sanacleto@ufl.edu, 24"
948.0,778.0,tree,,,IMG_332.jpg," sanacleto@ufl.edu, 24"
999.0,756.0,tree,,,IMG_332.jpg," sanacleto@ufl.edu, 24"
845.0,718.0,tree,,,IMG_332.jpg," sanacleto@ufl.edu, 24"
651.0,588.0,tree,,,IMG_332.jpg," sanacleto@ufl.edu, 24"
658.0,690.0,tree,,,IMG_332.jpg," sanacleto@ufl.edu, 24"
590.0,650.0,tree,,,IMG_332.jpg," sanacleto@ufl.edu, 24"
567.0,656.0,tree,,,IMG_332.jpg," sanacleto@ufl.edu, 24"
633.0,662.0,tree,,,IMG_332.jpg," sanacleto@ufl.edu, 24"
641.0,604.0,tree,,,IMG_332.jpg," sanacleto@ufl.edu, 24"
721.0,1018.0,tree,,,IMG_332.jpg," sanacleto@ufl.edu, 24"
885.0,1013.0,tree,,,IMG_332.jpg," sanacleto@ufl.edu, 24"
941.0,958.0,tree,,,IMG_332.jpg," sanacleto@ufl.edu, 24"
950.0,1007.0,tree,,,IMG_332.jpg," sanacleto@ufl.edu, 24"
949.0,925.0,tree,,,IMG_332.jpg," sanacleto@ufl.edu, 24"
803.0,574.0,tree,,,IMG_332.jpg," sanacleto@ufl.edu, 24"
773.0,422.0,tree,,,IMG_332.jpg," sanacleto@ufl.edu, 24"
739.0,271.0,tree,,,IMG_332.jpg," sanacleto@ufl.edu, 24"
721.0,179.0,tree,,,IMG_332.jpg," sanacleto@ufl.edu, 24"
987.0,636.0,tree,,,IMG_332.jpg," sanacleto@ufl.edu, 24"
988.0,203.0,tree,,,IMG_332.jpg," sanacleto@ufl.edu, 24"
1017.0,336.0,tree,,,IMG_332.jpg," sanacleto@ufl.edu, 24"
866.0,164.0,tree,,,IMG_332.jpg," sanacleto@ufl.edu, 24"
966.0,99.0,tree,,,IMG_332.jpg," sanacleto@ufl.edu, 24"
802.0,117.0,tree,,,IMG_332.jpg," sanacleto@ufl.edu, 24"
699.0,39.0,tree,,,IMG_332.jpg," sanacleto@ufl.edu, 24"
792.0,26.0,tree,,,IMG_332.jpg," sanacleto@ufl.edu, 24"
861.0,305.0,tree,,,IMG_332.jpg," sanacleto@ufl.edu, 24"
876.0,330.0,tree,,,IMG_332.jpg," sanacleto@ufl.edu, 24"
834.0,183.0,tree,,,IMG_332.jpg," sanacleto@ufl.edu, 24"
899.0,376.0,tree,,,IMG_332.jpg," sanacleto@ufl.edu, 24"
893.0,356.0,tree,,,IMG_332.jpg," sanacleto@ufl.edu, 24"
875.0,355.0,tree,,,IMG_332.jpg," sanacleto@ufl.edu, 24"
919.0,390.0,tree,,,IMG_332.jpg," sanacleto@ufl.edu, 24"
872.0,378.0,tree,,,IMG_332.jpg," sanacleto@ufl.edu, 24"
866.0,407.0,tree,,,IMG_332.jpg," sanacleto@ufl.edu, 24"
929.0,477.0,tree,,,IMG_332.jpg," sanacleto@ufl.edu, 24"
921.0,447.0,tree,,,IMG_332.jpg," sanacleto@ufl.edu, 24"
920.0,549.0,tree,,,IMG_332.jpg," sanacleto@ufl.edu, 24"
902.0,555.0,tree,,,IMG_332.jpg," sanacleto@ufl.edu, 24"
939.0,549.0,tree,,,IMG_332.jpg," sanacleto@ufl.edu, 24"
915.0,573.0,tree,,,IMG_332.jpg," sanacleto@ufl.edu, 24"
929.0,573.0,tree,,,IMG_332.jpg," sanacleto@ufl.edu, 24"
278.0,64.0,tree,,,IMG_332.jpg," sanacleto@ufl.edu, 24"
227.0,35.0,tree,,,IMG_332.jpg," sanacleto@ufl.edu, 24"
61.0,94.0,tree,,,IMG_332.jpg," sanacleto@ufl.edu, 24"
306.0,155.0,tree,,,IMG_332.jpg," sanacleto@ufl.edu, 24"
299.0,443.0,tree,,,IMG_332.jpg," sanacleto@ufl.edu, 24"
151.0,349.0,tree,,,IMG_332.jpg," sanacleto@ufl.edu, 24"
114.0,384.0,tree,,,IMG_332.jpg," sanacleto@ufl.edu, 24"
380.0,537.0,tree,,,IMG_332.jpg," sanacleto@ufl.edu, 24"
366.3939127820059,540.0000000000001,tree,,,IMG_332.jpg," sanacleto@ufl.edu, 24"
384.0,413.0,tree,,,IMG_332.jpg," sanacleto@ufl.edu, 24"
431.0,274.0,tree,,,IMG_332.jpg," sanacleto@ufl.edu, 24"
579.0,340.0,tree,,,IMG_332.jpg," sanacleto@ufl.edu, 24"
533.0,313.0,tree,,,IMG_332.jpg," sanacleto@ufl.edu, 24"
356.0,447.0,tree,,,IMG_332.jpg," sanacleto@ufl.edu, 24"
187.0,798.0,tree,,,IMG_332.jpg," sanacleto@ufl.edu, 24"
194.0,891.0,tree,,,IMG_332.jpg," sanacleto@ufl.edu, 24"
221.0,897.0,tree,,,IMG_332.jpg," sanacleto@ufl.edu, 24"
186.0,919.0,tree,,,IMG_332.jpg," sanacleto@ufl.edu, 24"
206.0,909.0,tree,,,IMG_332.jpg," sanacleto@ufl.edu, 24"
250.0,898.0,tree,,,IMG_332.jpg," sanacleto@ufl.edu, 24"
255.0,913.0,tree,,,IMG_332.jpg," sanacleto@ufl.edu, 24"
627.0,777.0,tree,,,IMG_332.jpg," sanacleto@ufl.edu, 24"
643.0,625.0,tree,,,IMG_332.jpg," sanacleto@ufl.edu, 24"
393.0,710.0,tree,,,IMG_332.jpg," sanacleto@ufl.edu, 24"
280.0,737.0,tree,,,IMG_332.jpg," sanacleto@ufl.edu, 24"
422.0,713.0,tree,,,IMG_332.jpg," sanacleto@ufl.edu, 24"
449.0,701.0,tree,,,IMG_332.jpg," sanacleto@ufl.edu, 24"
680.0,801.0,tree,,,IMG_332.jpg," sanacleto@ufl.edu, 24"
637.0,718.0,tree,,,IMG_332.jpg," sanacleto@ufl.edu, 24"
843.0,1021.0,tree,,,IMG_332.jpg," sanacleto@ufl.edu, 24"
1019.0,990.0,tree,,,IMG_332.jpg," sanacleto@ufl.edu, 24"
939.0,474.0,tree,,,IMG_332.jpg," sanacleto@ufl.edu, 24"
862.0,196.0,tree,,,IMG_332.jpg," sanacleto@ufl.edu, 24"
866.0,229.0,tree,,,IMG_332.jpg," sanacleto@ufl.edu, 24"
848.8182616539827,201.78782556401163,tree,,,IMG_332.jpg," sanacleto@ufl.edu, 24"
870.3740150177377,424.6379790022535,tree,,,IMG_332.jpg," sanacleto@ufl.edu, 24"
630.2604512092817,705.8917053543955,tree,,,IMG_332.jpg," sanacleto@ufl.edu, 24"
879.4340090038712,981.2367399764503,tree,,,IMG_332.jpg," sanacleto@ufl.edu, 24"
260.9909412547634,883.5463700390115,tree,,,IMG_332.jpg," sanacleto@ufl.edu, 24"
168.815350265406,839.8220512363679,tree,,,IMG_332.jpg," sanacleto@ufl.edu, 24"
202.69184951790484,828.3985805581995,tree,,,IMG_332.jpg," sanacleto@ufl.edu, 24"
198.75272169784685,819.3385865720661,tree,,,IMG_332.jpg," sanacleto@ufl.edu, 24"
134.1510254488955,802.7942497278223,tree,,,IMG_332.jpg," sanacleto@ufl.edu, 24"
316.70587673266397,1020.0608721799422,tree,,,IMG_332.jpg," sanacleto@ufl.edu, 24"
1009.4252270657856,920.7948511144803,tree,,,IMG_332.jpg," sanacleto@ufl.edu, 24"
1010.2130526297972,931.0365834466311,tree,,,IMG_332.jpg," sanacleto@ufl.edu, 24"
15.0,33.0,tree,,,IMG_296.jpg," sanacleto@ufl.edu, 24"
36.0,20.0,tree,,,IMG_296.jpg," sanacleto@ufl.edu, 24"
111.0,45.0,tree,,,IMG_296.jpg," sanacleto@ufl.edu, 24"
59.0,84.0,tree,,,IMG_296.jpg," sanacleto@ufl.edu, 24"
26.0,91.0,tree,,,IMG_296.jpg," sanacleto@ufl.edu, 24"
44.0,112.0,tree,,,IMG_296.jpg," sanacleto@ufl.edu, 24"
125.0,108.0,tree,,,IMG_296.jpg," sanacleto@ufl.edu, 24"
133.0,80.0,tree,,,IMG_296.jpg," sanacleto@ufl.edu, 24"
147.0,68.0,tree,,,IMG_296.jpg," sanacleto@ufl.edu, 24"
310.0,49.0,tree,,,IMG_296.jpg," sanacleto@ufl.edu, 24"
284.0,35.0,tree,,,IMG_296.jpg," sanacleto@ufl.edu, 24"
335.0,143.0,tree,,,IMG_296.jpg," sanacleto@ufl.edu, 24"
331.0,190.0,tree,,,IMG_296.jpg," sanacleto@ufl.edu, 24"
409.0,195.0,tree,,,IMG_296.jpg," sanacleto@ufl.edu, 24"
427.0,263.0,tree,,,IMG_296.jpg," sanacleto@ufl.edu, 24"
444.0,308.0,tree,,,IMG_296.jpg," sanacleto@ufl.edu, 24"
391.0,307.0,tree,,,IMG_296.jpg," sanacleto@ufl.edu, 24"
347.0,282.0,tree,,,IMG_296.jpg," sanacleto@ufl.edu, 24"
404.0,393.0,tree,,,IMG_296.jpg," sanacleto@ufl.edu, 24"
155.0,342.0,tree,,,IMG_296.jpg," sanacleto@ufl.edu, 24"
147.0,278.0,tree,,,IMG_296.jpg," sanacleto@ufl.edu, 24"
138.0,246.0,tree,,,IMG_296.jpg," sanacleto@ufl.edu, 24"
149.0,193.0,tree,,,IMG_296.jpg," sanacleto@ufl.edu, 24"
121.0,215.0,tree,,,IMG_296.jpg," sanacleto@ufl.edu, 24"
117.0,175.0,tree,,,IMG_296.jpg," sanacleto@ufl.edu, 24"
145.0,221.0,tree,,,IMG_296.jpg," sanacleto@ufl.edu, 24"
190.0,208.0,tree,,,IMG_296.jpg," sanacleto@ufl.edu, 24"
77.0,64.0,tree,,,IMG_296.jpg," sanacleto@ufl.edu, 24"
182.0,89.0,tree,,,IMG_296.jpg," sanacleto@ufl.edu, 24"
144.0,124.0,tree,,,IMG_296.jpg," sanacleto@ufl.edu, 24"
165.0,93.0,tree,,,IMG_296.jpg," sanacleto@ufl.edu, 24"
209.0,248.0,tree,,,IMG_296.jpg," sanacleto@ufl.edu, 24"
224.0,266.0,tree,,,IMG_296.jpg," sanacleto@ufl.edu, 24"
49.0,237.0,tree,,,IMG_296.jpg," sanacleto@ufl.edu, 24"
82.0,279.0,tree,,,IMG_296.jpg," sanacleto@ufl.edu, 24"
149.0,399.0,tree,,,IMG_296.jpg," sanacleto@ufl.edu, 24"
203.0,384.0,tree,,,IMG_296.jpg," sanacleto@ufl.edu, 24"
217.0,366.0,tree,,,IMG_296.jpg," sanacleto@ufl.edu, 24"
287.0,435.0,tree,,,IMG_296.jpg," sanacleto@ufl.edu, 24"
23.0,507.0,tree,,,IMG_296.jpg," sanacleto@ufl.edu, 24"
36.0,562.0,tree,,,IMG_296.jpg," sanacleto@ufl.edu, 24"
66.0,659.0,tree,,,IMG_296.jpg," sanacleto@ufl.edu, 24"
203.0,543.0,tree,,,IMG_296.jpg," sanacleto@ufl.edu, 24"
187.0,440.0,tree,,,IMG_296.jpg," sanacleto@ufl.edu, 24"
185.0,394.0,tree,,,IMG_296.jpg," sanacleto@ufl.edu, 24"
346.0,235.0,tree,,,IMG_296.jpg," sanacleto@ufl.edu, 24"
386.0,363.0,tree,,,IMG_296.jpg," sanacleto@ufl.edu, 24"
268.0,373.0,tree,,,IMG_296.jpg," sanacleto@ufl.edu, 24"
244.0,432.0,tree,,,IMG_296.jpg," sanacleto@ufl.edu, 24"
433.0,464.0,tree,,,IMG_296.jpg," sanacleto@ufl.edu, 24"
438.0,533.0,tree,,,IMG_296.jpg," sanacleto@ufl.edu, 24"
415.0,432.0,tree,,,IMG_296.jpg," sanacleto@ufl.edu, 24"
275.0,499.0,tree,,,IMG_296.jpg," sanacleto@ufl.edu, 24"
255.0,552.0,tree,,,IMG_296.jpg," sanacleto@ufl.edu, 24"
236.0,594.0,tree,,,IMG_296.jpg," sanacleto@ufl.edu, 24"
236.0,532.0,tree,,,IMG_296.jpg," sanacleto@ufl.edu, 24"
271.0,613.0,tree,,,IMG_296.jpg," sanacleto@ufl.edu, 24"
214.0,658.0,tree,,,IMG_296.jpg," sanacleto@ufl.edu, 24"
288.0,790.0,tree,,,IMG_296.jpg," sanacleto@ufl.edu, 24"
116.0,810.0,tree,,,IMG_296.jpg," sanacleto@ufl.edu, 24"
102.0,770.0,tree,,,IMG_296.jpg," sanacleto@ufl.edu, 24"
240.0,681.0,tree,,,IMG_296.jpg," sanacleto@ufl.edu, 24"
238.0,662.0,tree,,,IMG_296.jpg," sanacleto@ufl.edu, 24"
295.0,675.0,tree,,,IMG_296.jpg," sanacleto@ufl.edu, 24"
93.0,922.0,tree,,,IMG_296.jpg," sanacleto@ufl.edu, 24"
5.0,935.0,tree,,,IMG_296.jpg," sanacleto@ufl.edu, 24"
132.0,978.0,tree,,,IMG_296.jpg," sanacleto@ufl.edu, 24"
538.0,14.0,tree,,,IMG_296.jpg," sanacleto@ufl.edu, 24"
566.0,74.0,tree,,,IMG_296.jpg," sanacleto@ufl.edu, 24"
552.0,121.0,tree,,,IMG_296.jpg," sanacleto@ufl.edu, 24"
649.0,122.0,tree,,,IMG_296.jpg," sanacleto@ufl.edu, 24"
681.0,55.0,tree,,,IMG_296.jpg," sanacleto@ufl.edu, 24"
536.0,217.0,tree,,,IMG_296.jpg," sanacleto@ufl.edu, 24"
586.0,145.0,tree,,,IMG_296.jpg," sanacleto@ufl.edu, 24"
506.0,149.0,tree,,,IMG_296.jpg," sanacleto@ufl.edu, 24"
648.0,235.0,tree,,,IMG_296.jpg," sanacleto@ufl.edu, 24"
376.0,16.0,tree,,,IMG_296.jpg," sanacleto@ufl.edu, 24"
375.0,56.0,tree,,,IMG_296.jpg," sanacleto@ufl.edu, 24"
174.0,1018.0,tree,,,IMG_296.jpg," sanacleto@ufl.edu, 24"
312.0,995.0,tree,,,IMG_296.jpg," sanacleto@ufl.edu, 24"
531.0,539.0,tree,,,IMG_296.jpg," sanacleto@ufl.edu, 24"
406.0,743.0,tree,,,IMG_296.jpg," sanacleto@ufl.edu, 24"
513.0,590.0,tree,,,IMG_296.jpg," sanacleto@ufl.edu, 24"
544.0,591.0,tree,,,IMG_296.jpg," sanacleto@ufl.edu, 24"
536.1943833027979,610.7570208715028,tree,,,IMG_296.jpg," sanacleto@ufl.edu, 24"
593.0,618.0,tree,,,IMG_296.jpg," sanacleto@ufl.edu, 24"
603.0,721.0,tree,,,IMG_296.jpg," sanacleto@ufl.edu, 24"
609.0,764.0,tree,,,IMG_296.jpg," sanacleto@ufl.edu, 24"
572.0,797.0,tree,,,IMG_296.jpg," sanacleto@ufl.edu, 24"
447.0,696.0,tree,,,IMG_296.jpg," sanacleto@ufl.edu, 24"
515.0,889.0,tree,,,IMG_296.jpg," sanacleto@ufl.edu, 24"
492.0,859.0,tree,,,IMG_296.jpg," sanacleto@ufl.edu, 24"
497.0,834.0,tree,,,IMG_296.jpg," sanacleto@ufl.edu, 24"
525.0,848.0,tree,,,IMG_296.jpg," sanacleto@ufl.edu, 24"
387.0,782.0,tree,,,IMG_296.jpg," sanacleto@ufl.edu, 24"
549.0,827.0,tree,,,IMG_296.jpg," sanacleto@ufl.edu, 24"
479.0,879.0,tree,,,IMG_296.jpg," sanacleto@ufl.edu, 24"
435.0,948.0,tree,,,IMG_296.jpg," sanacleto@ufl.edu, 24"
451.0,972.0,tree,,,IMG_296.jpg," sanacleto@ufl.edu, 24"
427.0,960.0,tree,,,IMG_296.jpg," sanacleto@ufl.edu, 24"
402.0,945.0,tree,,,IMG_296.jpg," sanacleto@ufl.edu, 24"
854.0,817.0,tree,,,IMG_296.jpg," sanacleto@ufl.edu, 24"
896.0,866.0,tree,,,IMG_296.jpg," sanacleto@ufl.edu, 24"
734.0,908.0,tree,,,IMG_296.jpg," sanacleto@ufl.edu, 24"
762.0,941.0,tree,,,IMG_296.jpg," sanacleto@ufl.edu, 24"
688.0,948.0,tree,,,IMG_296.jpg," sanacleto@ufl.edu, 24"
801.0,935.0,tree,,,IMG_296.jpg," sanacleto@ufl.edu, 24"
813.0,918.0,tree,,,IMG_296.jpg," sanacleto@ufl.edu, 24"
790.0,901.0,tree,,,IMG_296.jpg," sanacleto@ufl.edu, 24"
990.0,978.0,tree,,,IMG_296.jpg," sanacleto@ufl.edu, 24"
957.0,943.0,tree,,,IMG_296.jpg," sanacleto@ufl.edu, 24"
975.0,959.0,tree,,,IMG_296.jpg," sanacleto@ufl.edu, 24"
878.0,748.0,tree,,,IMG_296.jpg," sanacleto@ufl.edu, 24"
975.0,669.0,tree,,,IMG_296.jpg," sanacleto@ufl.edu, 24"
876.0,556.0,tree,,,IMG_296.jpg," sanacleto@ufl.edu, 24"
848.0,532.0,tree,,,IMG_296.jpg," sanacleto@ufl.edu, 24"
631.0,395.0,tree,,,IMG_296.jpg," sanacleto@ufl.edu, 24"
671.0,380.0,tree,,,IMG_296.jpg," sanacleto@ufl.edu, 24"
682.0,305.0,tree,,,IMG_296.jpg," sanacleto@ufl.edu, 24"
720.0,297.0,tree,,,IMG_296.jpg," sanacleto@ufl.edu, 24"
709.0,262.0,tree,,,IMG_296.jpg," sanacleto@ufl.edu, 24"
741.0,205.0,tree,,,IMG_296.jpg," sanacleto@ufl.edu, 24"
487.0,445.0,tree,,,IMG_296.jpg," sanacleto@ufl.edu, 24"
765.0,417.0,tree,,,IMG_296.jpg," sanacleto@ufl.edu, 24"
998.0,76.0,tree,,,IMG_296.jpg," sanacleto@ufl.edu, 24"
1011.0,60.0,tree,,,IMG_296.jpg," sanacleto@ufl.edu, 24"
778.0,246.0,tree,,,IMG_296.jpg," sanacleto@ufl.edu, 24"
1006.0,243.0,tree,,,IMG_296.jpg," sanacleto@ufl.edu, 24"
995.427106261451,195.57289373854917,tree,,,IMG_296.jpg," sanacleto@ufl.edu, 24"
496.0,373.0,tree,,,IMG_296.jpg," sanacleto@ufl.edu, 24"
590.0,349.0,tree,,,IMG_296.jpg," sanacleto@ufl.edu, 24"
583.0,331.0,tree,,,IMG_296.jpg," sanacleto@ufl.edu, 24"
86.0,697.0,tree,,,IMG_296.jpg," sanacleto@ufl.edu, 24"
86.0,110.0,tree,,,IMG_296.jpg," sanacleto@ufl.edu, 24"
293.0,5.0,tree,,,IMG_296.jpg," sanacleto@ufl.edu, 24"
269.0,696.0,tree,,,IMG_296.jpg," sanacleto@ufl.edu, 24"
47.0,210.0,tree,,,IMG_296.jpg," sanacleto@ufl.edu, 24"
239.57289373854917,299.4757020871503,tree,,,IMG_296.jpg," sanacleto@ufl.edu, 24"
223.62148956424855,305.95140417430054,tree,,,IMG_296.jpg," sanacleto@ufl.edu, 24"
257.0,660.0,tree,,,IMG_296.jpg," sanacleto@ufl.edu, 24"
249.0,629.0,tree,,,IMG_296.jpg," sanacleto@ufl.edu, 24"
258.0,648.0,tree,,,IMG_296.jpg," sanacleto@ufl.edu, 24"
263.0,522.0,tree,,,IMG_296.jpg," sanacleto@ufl.edu, 24"
368.0,238.0,tree,,,IMG_296.jpg," sanacleto@ufl.edu, 24"
669.0,5.0,tree,,,IMG_296.jpg," sanacleto@ufl.edu, 24"
64.0,603.0,tree,,,IMG_296.jpg," sanacleto@ufl.edu, 24"
550.1943833027979,223.32991461005193,tree,,,IMG_296.jpg," sanacleto@ufl.edu, 24"
527.0,627.0,tree,,,IMG_296.jpg," sanacleto@ufl.edu, 24"
423.0,728.0,tree,,,IMG_296.jpg," sanacleto@ufl.edu, 24"
714.0,854.0,tree,,,IMG_296.jpg," sanacleto@ufl.edu, 24"
495.0,791.0,tree,,,IMG_296.jpg," sanacleto@ufl.edu, 24"
729.0,888.0,tree,,,IMG_296.jpg," sanacleto@ufl.edu, 24"
786.0,914.0,tree,,,IMG_296.jpg," sanacleto@ufl.edu, 24"
581.0,629.0,tree,,,IMG_296.jpg," sanacleto@ufl.edu, 24"
98.04370970289789,302.5198957142892,tree,,,IMG_296.jpg," sanacleto@ufl.edu, 24"
259.5736430651063,670.0527326219438,tree,,,IMG_296.jpg," sanacleto@ufl.edu, 24"
23.069108165387746,477.11110069324627,tree,,,IMG_296.jpg," sanacleto@ufl.edu, 24"
20.971916513988855,460.85786539490505,tree,,,IMG_296.jpg," sanacleto@ufl.edu, 24"
294.0,325.0,tree,,,IMG_640.jpg," sanacleto@ufl.edu, 24"
397.0,314.0,tree,,,IMG_640.jpg," sanacleto@ufl.edu, 24"
577.0,404.0,tree,,,IMG_640.jpg," sanacleto@ufl.edu, 24"
683.0,413.0,tree,,,IMG_640.jpg," sanacleto@ufl.edu, 24"
958.0,576.0,tree,,,IMG_640.jpg," sanacleto@ufl.edu, 24"
819.0,651.0,tree,,,IMG_640.jpg," sanacleto@ufl.edu, 24"
36.0,731.0,tree,,,IMG_640.jpg," sanacleto@ufl.edu, 24"
81.0,818.0,tree,,,IMG_640.jpg," sanacleto@ufl.edu, 24"
59.0,884.0,tree,,,IMG_640.jpg," sanacleto@ufl.edu, 24"
5.0,976.0,tree,,,IMG_640.jpg," sanacleto@ufl.edu, 24"
100.0,957.0,tree,,,IMG_640.jpg," sanacleto@ufl.edu, 24"
237.0,889.0,tree,,,IMG_640.jpg," sanacleto@ufl.edu, 24"
242.0,941.0,tree,,,IMG_640.jpg," sanacleto@ufl.edu, 24"
256.0,981.0,tree,,,IMG_640.jpg," sanacleto@ufl.edu, 24"
18.0,931.0,tree,,,IMG_640.jpg," sanacleto@ufl.edu, 24"
4.0,784.0,tree,,,IMG_640.jpg," sanacleto@ufl.edu, 24"
50.0,758.0,tree,,,IMG_640.jpg," sanacleto@ufl.edu, 24"
199.0,908.0,tree,,,IMG_640.jpg," sanacleto@ufl.edu, 24"
425.0,1013.0,tree,,,IMG_640.jpg," sanacleto@ufl.edu, 24"
460.0,900.0,tree,,,IMG_640.jpg," sanacleto@ufl.edu, 24"
504.0,899.0,tree,,,IMG_640.jpg," sanacleto@ufl.edu, 24"
439.0,828.0,tree,,,IMG_640.jpg," sanacleto@ufl.edu, 24"
561.0,987.0,tree,,,IMG_640.jpg," sanacleto@ufl.edu, 24"
616.0,1008.0,tree,,,IMG_640.jpg," sanacleto@ufl.edu, 24"
661.0,918.0,tree,,,IMG_640.jpg," sanacleto@ufl.edu, 24"
693.0,895.0,tree,,,IMG_640.jpg," sanacleto@ufl.edu, 24"
756.0,865.0,tree,,,IMG_640.jpg," sanacleto@ufl.edu, 24"
739.0,990.0,tree,,,IMG_640.jpg," sanacleto@ufl.edu, 24"
983.0,882.0,tree,,,IMG_640.jpg," sanacleto@ufl.edu, 24"
937.0,882.0,tree,,,IMG_640.jpg," sanacleto@ufl.edu, 24"
885.0,892.0,tree,,,IMG_640.jpg," sanacleto@ufl.edu, 24"
854.0,884.0,tree,,,IMG_640.jpg," sanacleto@ufl.edu, 24"
704.0,834.0,tree,,,IMG_640.jpg," sanacleto@ufl.edu, 24"
891.0,870.0,tree,,,IMG_640.jpg," sanacleto@ufl.edu, 24"
975.0,853.0,tree,,,IMG_640.jpg," sanacleto@ufl.edu, 24"
828.0,762.0,tree,,,IMG_640.jpg," sanacleto@ufl.edu, 24"
966.0,663.0,tree,,,IMG_640.jpg," sanacleto@ufl.edu, 24"
1000.0,740.0,tree,,,IMG_640.jpg," sanacleto@ufl.edu, 24"
942.0,520.0,tree,,,IMG_640.jpg," sanacleto@ufl.edu, 24"
813.0,589.0,tree,,,IMG_640.jpg," sanacleto@ufl.edu, 24"
783.0,521.0,tree,,,IMG_640.jpg," sanacleto@ufl.edu, 24"
757.0,245.0,tree,,,IMG_640.jpg," sanacleto@ufl.edu, 24"
917.0,230.0,tree,,,IMG_640.jpg," sanacleto@ufl.edu, 24"
812.0,242.0,tree,,,IMG_640.jpg," sanacleto@ufl.edu, 24"
748.0,212.0,tree,,,IMG_640.jpg," sanacleto@ufl.edu, 24"
1006.0,157.0,tree,,,IMG_640.jpg," sanacleto@ufl.edu, 24"
753.0,172.0,tree,,,IMG_640.jpg," sanacleto@ufl.edu, 24"
793.0,152.0,tree,,,IMG_640.jpg," sanacleto@ufl.edu, 24"
858.0,80.0,tree,,,IMG_640.jpg," sanacleto@ufl.edu, 24"
767.0,180.0,tree,,,IMG_640.jpg," sanacleto@ufl.edu, 24"
284.0,127.0,tree,,,IMG_640.jpg," sanacleto@ufl.edu, 24"
360.0,136.0,tree,,,IMG_640.jpg," sanacleto@ufl.edu, 24"
481.0,131.0,tree,,,IMG_640.jpg," sanacleto@ufl.edu, 24"
464.0,480.0,tree,,,IMG_640.jpg," sanacleto@ufl.edu, 24"
484.0,473.0,tree,,,IMG_640.jpg," sanacleto@ufl.edu, 24"
423.0,132.0,tree,,,IMG_640.jpg," sanacleto@ufl.edu, 24"
412.0,126.0,tree,,,IMG_640.jpg," sanacleto@ufl.edu, 24"
317.0,389.0,tree,,,IMG_640.jpg," sanacleto@ufl.edu, 24"
509.0,187.0,tree,,,IMG_640.jpg," sanacleto@ufl.edu, 24"
461.0,111.0,tree,,,IMG_640.jpg," sanacleto@ufl.edu, 24"
512.0,97.0,tree,,,IMG_640.jpg," sanacleto@ufl.edu, 24"
525.0,81.0,tree,,,IMG_640.jpg," sanacleto@ufl.edu, 24"
28.0,251.0,tree,,,IMG_640.jpg," sanacleto@ufl.edu, 24"
9.0,256.0,tree,,,IMG_640.jpg," sanacleto@ufl.edu, 24"
297.0,144.0,tree,,,IMG_640.jpg," sanacleto@ufl.edu, 24"
582.0,326.0,tree,,,IMG_640.jpg," sanacleto@ufl.edu, 24"
534.0,433.0,tree,,,IMG_640.jpg," sanacleto@ufl.edu, 24"
294.0,755.0,tree,,,IMG_640.jpg," sanacleto@ufl.edu, 24"
13.0,311.0,tree,,,IMG_640.jpg," sanacleto@ufl.edu, 24"
128.0,324.0,tree,,,IMG_640.jpg," sanacleto@ufl.edu, 24"
144.0,838.0,tree,,,IMG_640.jpg," sanacleto@ufl.edu, 24"
39.0,939.0,tree,,,IMG_640.jpg," sanacleto@ufl.edu, 24"
288.0,711.4766344662271,tree,,,IMG_640.jpg," sanacleto@ufl.edu, 24"
366.0,526.0,tree,,,IMG_640.jpg," sanacleto@ufl.edu, 24"
419.0,513.0,tree,,,IMG_640.jpg," sanacleto@ufl.edu, 24"
579.0,436.0,tree,,,IMG_640.jpg," sanacleto@ufl.edu, 24"
378.0,119.0,tree,,,IMG_640.jpg," sanacleto@ufl.edu, 24"
425.0,96.0,tree,,,IMG_640.jpg," sanacleto@ufl.edu, 24"
745.0,27.0,tree,,,IMG_640.jpg," sanacleto@ufl.edu, 24"
1009.0,69.0,tree,,,IMG_640.jpg," sanacleto@ufl.edu, 24"
1009.0,91.0,tree,,,IMG_640.jpg," sanacleto@ufl.edu, 24"
971.0,94.0,tree,,,IMG_640.jpg," sanacleto@ufl.edu, 24"
987.0,283.0,tree,,,IMG_640.jpg," sanacleto@ufl.edu, 24"
1014.0,871.0,tree,,,IMG_640.jpg," sanacleto@ufl.edu, 24"
1007.0,960.0,tree,,,IMG_640.jpg," sanacleto@ufl.edu, 24"
53.38306021742616,320.298361304557,tree,,,IMG_640.jpg," sanacleto@ufl.edu, 24"
17.635475250399715,218.77521999820186,tree,,,IMG_640.jpg," sanacleto@ufl.edu, 24"
298.3731758581141,197.80330348421302,tree,,,IMG_640.jpg," sanacleto@ufl.edu, 24"
308.38249964888155,167.77533211191084,tree,,,IMG_640.jpg," sanacleto@ufl.edu, 24"
886.7292737266183,73.878342265188,tree,,,IMG_640.jpg," sanacleto@ufl.edu, 24"
894.8320596524776,82.93439712350137,tree,,,IMG_640.jpg," sanacleto@ufl.edu, 24"
623.4378818249412,436.12053659772266,tree,,,IMG_640.jpg," sanacleto@ufl.edu, 24"
885.7760047941642,953.9347334646283,tree,,,IMG_640.jpg," sanacleto@ufl.edu, 24"
3.0,717.0,tree,,,IMG_917.jpg," sanacleto@ufl.edu, 24"
9.0,591.9439451416866,tree,,,IMG_917.jpg," sanacleto@ufl.edu, 24"
9.0,850.0,tree,,,IMG_917.jpg," sanacleto@ufl.edu, 24"
10.523365533772981,681.9158616556756,tree,,,IMG_917.jpg," sanacleto@ufl.edu, 24"
43.53268932454038,724.8130757298162,tree,,,IMG_917.jpg," sanacleto@ufl.edu, 24"
64.26162671003203,635.2429791284972,tree,,,IMG_917.jpg," sanacleto@ufl.edu, 24"
40.0,596.0,tree,,,IMG_917.jpg," sanacleto@ufl.edu, 24"
25.31779368205433,644.8037519390489,tree,,,IMG_917.jpg," sanacleto@ufl.edu, 24"
37.442331447866756,873.55911514201,tree,,,IMG_917.jpg," sanacleto@ufl.edu, 24"
45.327117472821726,677.1962480609513,tree,,,IMG_917.jpg," sanacleto@ufl.edu, 24"
61.0,391.0,tree,,,IMG_917.jpg," sanacleto@ufl.edu, 24"
66.14014043297155,887.255477537238,tree,,,IMG_917.jpg," sanacleto@ufl.edu, 24"
73.0,326.0,tree,,,IMG_917.jpg," sanacleto@ufl.edu, 24"
83.24297912849723,706.9065378649083,tree,,,IMG_917.jpg," sanacleto@ufl.edu, 24"
87.47663446622703,683.2336553377298,tree,,,IMG_917.jpg," sanacleto@ufl.edu, 24"
83.89721407414066,735.4299033986811,tree,,,IMG_917.jpg," sanacleto@ufl.edu, 24"
99.47663446622703,635.383172331135,tree,,,IMG_917.jpg," sanacleto@ufl.edu, 24"
111.0,145.0,tree,,,IMG_917.jpg," sanacleto@ufl.edu, 24"
111.97664326117145,898.1620505819235,tree,,,IMG_917.jpg," sanacleto@ufl.edu, 24"
120.0,918.0,tree,,,IMG_917.jpg," sanacleto@ufl.edu, 24"
121.0,23.0,tree,,,IMG_917.jpg," sanacleto@ufl.edu, 24"
128.57009660131897,680.4673106754595,tree,,,IMG_917.jpg," sanacleto@ufl.edu, 24"
128.80375193904874,749.0467310675459,tree,,,IMG_917.jpg," sanacleto@ufl.edu, 24"
137.0,332.0,tree,,,IMG_917.jpg," sanacleto@ufl.edu, 24"
140.85980679736207,768.2429791284972,tree,,,IMG_917.jpg," sanacleto@ufl.edu, 24"
139.0,914.0,tree,,,IMG_917.jpg," sanacleto@ufl.edu, 24"
138.7570208715028,726.859806797362,tree,,,IMG_917.jpg," sanacleto@ufl.edu, 24"
145.0,355.0,tree,,,IMG_917.jpg," sanacleto@ufl.edu, 24"
148.0,659.0,tree,,,IMG_917.jpg," sanacleto@ufl.edu, 24"
153.0,899.0,tree,,,IMG_917.jpg," sanacleto@ufl.edu, 24"
159.47663446622704,692.093462135092,tree,,,IMG_917.jpg," sanacleto@ufl.edu, 24"
159.18692427018385,726.4766344662271,tree,,,IMG_917.jpg," sanacleto@ufl.edu, 24"
159.28038640527578,749.7663446622703,tree,,,IMG_917.jpg," sanacleto@ufl.edu, 24"
166.0,938.0,tree,,,IMG_917.jpg," sanacleto@ufl.edu, 24"
175.0,400.0,tree,,,IMG_917.jpg," sanacleto@ufl.edu, 24"
176.0,709.0,tree,,,IMG_917.jpg," sanacleto@ufl.edu, 24"
186.0,724.0,tree,,,IMG_917.jpg," sanacleto@ufl.edu, 24"
188.65109550744762,918.3255477537238,tree,,,IMG_917.jpg," sanacleto@ufl.edu, 24"
189.32711747282173,780.6728825271781,tree,,,IMG_917.jpg," sanacleto@ufl.edu, 24"
202.37226123138097,927.7211657239333,tree,,,IMG_917.jpg," sanacleto@ufl.edu, 24"
193.87118718719958,458.46239810180725,tree,,,IMG_917.jpg," sanacleto@ufl.edu, 24"
226.0,743.0,tree,,,IMG_917.jpg," sanacleto@ufl.edu, 24"
222.1401404329715,950.0467134776571,tree,,,IMG_917.jpg," sanacleto@ufl.edu, 24"
236.0,935.0,tree,,,IMG_917.jpg," sanacleto@ufl.edu, 24"
229.31199050903672,429.0752037963854,tree,,,IMG_917.jpg," sanacleto@ufl.edu, 24"
254.0,937.0,tree,,,IMG_917.jpg," sanacleto@ufl.edu, 24"
263.8598067973622,829.7196135947243,tree,,,IMG_917.jpg," sanacleto@ufl.edu, 24"
264.7009660131894,754.289710196043,tree,,,IMG_917.jpg," sanacleto@ufl.edu, 24"
275.5591151420097,960.5343118133045,tree,,,IMG_917.jpg," sanacleto@ufl.edu, 24"
288.0,283.0,tree,,,IMG_917.jpg," sanacleto@ufl.edu, 24"
292.0,812.0,tree,,,IMG_917.jpg," sanacleto@ufl.edu, 24"
277.1399881362959,440.193597152711,tree,,,IMG_917.jpg," sanacleto@ufl.edu, 24"
289.94394514168664,717.626151459632,tree,,,IMG_917.jpg," sanacleto@ufl.edu, 24"
299.39561797020957,947.3021910148949,tree,,,IMG_917.jpg," sanacleto@ufl.edu, 24"
303.0,749.0,tree,,,IMG_917.jpg," sanacleto@ufl.edu, 24"
330.14014043297146,966.8365028281997,tree,,,IMG_917.jpg," sanacleto@ufl.edu, 24"
330.3119905090368,14.172002372740815,tree,,,IMG_917.jpg," sanacleto@ufl.edu, 24"
357.0,760.0,tree,,,IMG_917.jpg," sanacleto@ufl.edu, 24"
356.67445224627613,975.4890449255239,tree,,,IMG_917.jpg," sanacleto@ufl.edu, 24"
375.33644126358905,809.0093237907673,tree,,,IMG_917.jpg," sanacleto@ufl.edu, 24"
381.6344004745481,282.29039572906646,tree,,,IMG_917.jpg," sanacleto@ufl.edu, 24"
386.6058286196669,999.9065730446855,tree,,,IMG_917.jpg," sanacleto@ufl.edu, 24"
402.0,847.0,tree,,,IMG_917.jpg," sanacleto@ufl.edu, 24"
396.16349717180015,979.046713477657,tree,,,IMG_917.jpg," sanacleto@ufl.edu, 24"
399.8495924072293,38.82799762725918,tree,,,IMG_917.jpg," sanacleto@ufl.edu, 24"
420.0,138.0,tree,,,IMG_917.jpg," sanacleto@ufl.edu, 24"
418.4423314478668,989.6744522462762,tree,,,IMG_917.jpg," sanacleto@ufl.edu, 24"
432.0,309.0,tree,,,IMG_917.jpg," sanacleto@ufl.edu, 24"
432.0,762.0,tree,,,IMG_917.jpg," sanacleto@ufl.edu, 24"
433.0,190.0,tree,,,IMG_917.jpg," sanacleto@ufl.edu, 24"
450.0,852.0,tree,,,IMG_917.jpg," sanacleto@ufl.edu, 24"
454.0,449.0,tree,,,IMG_917.jpg," sanacleto@ufl.edu, 24"
437.98135241846524,811.9906762092327,tree,,,IMG_917.jpg," sanacleto@ufl.edu, 24"
472.053609016415,18.0536090164151,tree,,,IMG_917.jpg," sanacleto@ufl.edu, 24"
477.77438861084397,128.52718244171794,tree,,,IMG_917.jpg," sanacleto@ufl.edu, 24"
465.08637911988063,266.96722989653426,tree,,,IMG_917.jpg," sanacleto@ufl.edu, 24"
531.9568104400595,40.247206169126116,tree,,,IMG_917.jpg," sanacleto@ufl.edu, 24"
540.8784543788971,815.9439451416869,tree,,,IMG_917.jpg," sanacleto@ufl.edu, 24"
537.0,198.0,tree,,,IMG_917.jpg," sanacleto@ufl.edu, 24"
523.5055876617477,92.5376018981926,tree,,,IMG_917.jpg," sanacleto@ufl.edu, 24"
570.0,777.0,tree,,,IMG_917.jpg," sanacleto@ufl.edu, 24"
589.5912109146076,300.472817558282,tree,,,IMG_917.jpg," sanacleto@ufl.edu, 24"
593.3271174728217,794.4766344662271,tree,,,IMG_917.jpg," sanacleto@ufl.edu, 24"
607.1720023727407,24.128812812800398,tree,,,IMG_917.jpg," sanacleto@ufl.edu, 24"
589.9895805435252,80.2576256256008,tree,,,IMG_917.jpg," sanacleto@ufl.edu, 24"
619.4766344662271,794.5700966013189,tree,,,IMG_917.jpg," sanacleto@ufl.edu, 24"
623.0,826.0,tree,,,IMG_917.jpg," sanacleto@ufl.edu, 24"
628.0,506.0,tree,,,IMG_917.jpg," sanacleto@ufl.edu, 24"
629.2803864052756,749.0,tree,,,IMG_917.jpg," sanacleto@ufl.edu, 24"
665.0,603.0,tree,,,IMG_917.jpg," sanacleto@ufl.edu, 24"
667.4205796079136,825.5326893245405,tree,,,IMG_917.jpg," sanacleto@ufl.edu, 24"
719.5700966013189,822.0374072767786,tree,,,IMG_917.jpg," sanacleto@ufl.edu, 24"
723.0,872.0,tree,,,IMG_917.jpg," sanacleto@ufl.edu, 24"
758.1401932026378,823.5794203920865,tree,,,IMG_917.jpg," sanacleto@ufl.edu, 24"
768.0,875.0,tree,,,IMG_917.jpg," sanacleto@ufl.edu, 24"
805.0,837.0,tree,,,IMG_917.jpg," sanacleto@ufl.edu, 24"
807.0,868.0,tree,,,IMG_917.jpg," sanacleto@ufl.edu, 24"
818.0,261.0,tree,,,IMG_917.jpg," sanacleto@ufl.edu, 24"
869.0,477.0,tree,,,IMG_917.jpg," sanacleto@ufl.edu, 24"
889.3924961219025,833.7196135947243,tree,,,IMG_917.jpg," sanacleto@ufl.edu, 24"
909.0,783.0,tree,,,IMG_917.jpg," sanacleto@ufl.edu, 24"
921.0,252.0,tree,,,IMG_917.jpg," sanacleto@ufl.edu, 24"
933.0,54.0,tree,,,IMG_917.jpg," sanacleto@ufl.edu, 24"
942.0,538.0,tree,,,IMG_917.jpg," sanacleto@ufl.edu, 24"
961.0,764.0,tree,,,IMG_917.jpg," sanacleto@ufl.edu, 24"
965.0,791.0,tree,,,IMG_917.jpg," sanacleto@ufl.edu, 24"
973.0,568.0,tree,,,IMG_917.jpg," sanacleto@ufl.edu, 24"
1001.0,323.0,tree,,,IMG_917.jpg," sanacleto@ufl.edu, 24"
1003.0934621350917,814.046731067546,tree,,,IMG_917.jpg," sanacleto@ufl.edu, 24"
65.34324887846077,416.16671130359487,tree,,,IMG_917.jpg," sanacleto@ufl.edu, 24"
108.48248114773584,435.19872554003973,tree,,,IMG_917.jpg," sanacleto@ufl.edu, 24"
135.76170155330686,376.8338818816087,tree,,,IMG_917.jpg," sanacleto@ufl.edu, 24"
338.1354529341708,455.49954072558086,tree,,,IMG_917.jpg," sanacleto@ufl.edu, 24"
371.1242776106753,435.19872554003973,tree,,,IMG_917.jpg," sanacleto@ufl.edu, 24"
372.3930785597716,450.42433692919553,tree,,,IMG_917.jpg," sanacleto@ufl.edu, 24"
372.3930785597716,459.940344047418,tree,,,IMG_917.jpg," sanacleto@ufl.edu, 24"
360.9738700179047,338.1354529341708,tree,,,IMG_917.jpg," sanacleto@ufl.edu, 24"
361.60827049245285,297.5338225630884,tree,,,IMG_917.jpg," sanacleto@ufl.edu, 24"
315.9314363249851,135.76170155330686,tree,,,IMG_917.jpg," sanacleto@ufl.edu, 24"
353.9954647978749,139.56810440059581,tree,,,IMG_917.jpg," sanacleto@ufl.edu, 24"
369.2210761870308,142.10570629878848,tree,,,IMG_917.jpg," sanacleto@ufl.edu, 24"
367.31787476338627,86.27846453855017,tree,,,IMG_917.jpg," sanacleto@ufl.edu, 24"
459.940344047418,77.39685789487586,tree,,,IMG_917.jpg," sanacleto@ufl.edu, 24"
587.4548394315988,325.44744344320753,tree,,,IMG_917.jpg," sanacleto@ufl.edu, 24"
588.089239906147,371.7586780852234,tree,,,IMG_917.jpg," sanacleto@ufl.edu, 24"
942.7967392578352,19.66641471099305,tree,,,IMG_917.jpg," sanacleto@ufl.edu, 24"
961.8287534942799,220.77136514276066,tree,,,IMG_917.jpg," sanacleto@ufl.edu, 24"
971.3447606125026,285.48021354667327,tree,,,IMG_917.jpg," sanacleto@ufl.edu, 24"
940.8935378341907,152.2561138915591,tree,,,IMG_917.jpg," sanacleto@ufl.edu, 24"
799.4222320099503,471.359552589285,tree,,,IMG_917.jpg," sanacleto@ufl.edu, 24"
39.560660696842604,543.5699125399115,tree,,,IMG_917.jpg," sanacleto@ufl.edu, 24"
94.37362431294983,699.9060174623738,tree,,,IMG_917.jpg," sanacleto@ufl.edu, 24"
101.04650684012809,720.8779339763626,tree,,,IMG_917.jpg," sanacleto@ufl.edu, 24"
106.76612043485233,742.3264849565785,tree,,,IMG_917.jpg," sanacleto@ufl.edu, 24"
116.29880975939271,700.3826519286008,tree,,,IMG_917.jpg," sanacleto@ufl.edu, 24"
118.68198209052781,733.2704300982653,tree,,,IMG_917.jpg," sanacleto@ufl.edu, 24"
80.07459032613924,754.718981078481,tree,,,IMG_917.jpg," sanacleto@ufl.edu, 24"
114.39227189448465,763.2984014705675,tree,,,IMG_917.jpg," sanacleto@ufl.edu, 24"
232.12098505255844,794.7562762415506,tree,,,IMG_917.jpg," sanacleto@ufl.edu, 24"
348.41979481195114,785.7002213832374,tree,,,IMG_917.jpg," sanacleto@ufl.edu, 24"
487.12042448401377,794.7562762415506,tree,,,IMG_917.jpg," sanacleto@ufl.edu, 24"
1016.3738485403675,849.092605391431,tree,,,IMG_917.jpg," sanacleto@ufl.edu, 24"
181.19224562784365,951.7283986733158,tree,,,IMG_917.jpg," sanacleto@ufl.edu, 24"
87.89789350542668,897.6874715551646,tree,,,IMG_917.jpg," sanacleto@ufl.edu, 24"
28.64820232769462,897.6874715551646,tree,,,IMG_917.jpg," sanacleto@ufl.edu, 24"
108.73294974375003,968.6568818669534,tree,,,IMG_917.jpg," sanacleto@ufl.edu, 24"
224.30240231569988,999.9094662244385,tree,,,IMG_917.jpg," sanacleto@ufl.edu, 24"
